sentiment,magnitude,state,date
-0.16417910636805774,0.7000000034991781,AK,1
-0.15591398055469202,0.6402457795934193,AL,1
-0.1796690326879774,0.6763593424507912,AR,1
-0.1702833471828769,0.6758811369219069,AZ,1
-0.1678571449751489,0.6801881277512131,CA,1
-0.16136054645995704,0.6792517038024202,CO,1
-0.15890411096178506,0.6965753450887661,CT,1
-0.16111111185616914,0.6833333338576334,DC,1
-0.16653696708526128,0.6743190704848516,DE,1
-0.17086444240217125,0.6832023609510105,FL,1
-0.16601535448101293,0.6893928855948738,GA,1
-0.16076389081879622,0.6871527792213278,HI,1
-0.17475345397195402,0.7378698251627136,IA,1
-0.14150326935197013,0.6970588268797382,ID,1
-0.1669248666161257,0.6961270371534213,IL,1
-0.1687091526764086,0.7084150356757972,IN,1
-0.17083799170548689,0.7014525177342266,KS,1
-0.17568345539432634,0.6893525209894283,KY,1
-0.17767695398382613,0.6695099869597629,LA,1
-0.1910714308716475,0.6662698451370473,MA,1
-0.17660764419410346,0.6923578773787504,MD,1
-0.165701561024566,0.6746102485863827,ME,1
-0.16216216421136795,0.6932697427425993,MI,1
-0.18075221489323715,0.6751106224245335,MN,1
-0.15243393762013846,0.7001390866468944,MO,1
-0.1585294140393243,0.6438235334394611,MS,1
-0.1739285733550787,0.7067857182185565,MT,1
-0.1639906489642356,0.6943881564184918,NC,1
-0.19670329922503169,0.5604395655976547,ND,1
-0.12894737010723667,0.6868421058513616,NE,1
-0.16079136911484834,0.7079136743605565,NH,1
-0.14974968918646978,0.6878598282097352,NJ,1
-0.1508591087003754,0.6608247442548627,NM,1
-0.20564516385396325,0.7279569906813483,NV,1
-0.13614156130424795,0.673003448253323,NY,1
-0.16070272930920593,0.7052242289221072,OH,1
-0.15669173143411938,0.6959398537986261,OK,1
-0.20147630388225432,0.6886557925205964,OR,1
-0.18601997397021627,0.7141226857698678,PA,1
-0.11157894926635843,0.6300000011136657,RI,1
-0.15890625147148968,0.6820312522468157,SC,1
-0.1582278504590445,0.6468354511675956,SD,1
-0.17304813049853165,0.7009625699510549,TN,1
-0.17143904894972808,0.6782034865849396,TX,1
-0.13995381250254826,0.7528868391421596,UT,1
-0.16052631757661184,0.690929455309272,VA,1
-0.21073446603818127,0.6604519831174511,VT,1
-0.13539313581727802,0.6483499478412625,WA,1
-0.19080460004004174,0.6706258023055425,WI,1
-0.2104166684568756,0.684722223577814,WY,1
-0.15480769361154392,0.6908653874595004,AK,2
-0.16123595716578235,0.6401685430678759,AL,2
-0.15206812844224218,0.6863746976982938,AR,2
-0.1888181197563132,0.6673036134325269,AZ,2
-0.15935251998144426,0.6727869916039592,CA,2
-0.17068965735430158,0.7132822510145252,CO,2
-0.15402299059288846,0.6694581300778734,CT,2
-0.13380281742609726,0.6859155002404267,DC,2
-0.17354260231347365,0.6372197345567391,DE,2
-0.16049513539084176,0.6809352556424049,FL,2
-0.16318557679563606,0.6711495157462775,GA,2
-0.1199275374520516,0.6931159439348225,HI,2
-0.156983242493324,0.7210428342916891,IA,2
-0.17761733124725226,0.6592057815312479,ID,2
-0.17385570408994602,0.6740884443093308,IL,2
-0.14205357326593782,0.6767857177914786,IN,2
-0.17779043499287006,0.6653758581210106,KS,2
-0.16246154042390676,0.6666153885080264,KY,2
-0.18467153512267734,0.6875912446365522,LA,2
-0.1687676407193532,0.7046095989469302,MA,2
-0.1859528510474503,0.6431237757059586,MD,2
-0.1305494521345411,0.7000000031767311,ME,2
-0.18175141443051188,0.6863841830084553,MI,2
-0.1751213610371195,0.724029129090746,MN,2
-0.20990753228944706,0.7413474282193215,MO,2
-0.1827922100806004,0.7045454586335977,MS,2
-0.1497991988397985,0.7040160694814112,MT,2
-0.16305939987168455,0.6990235994885955,NC,2
-0.19402985397114686,0.6940298529703226,ND,2
-0.15476190692612102,0.6595238156261898,NE,2
-0.13383458818035915,0.6511278224170656,NH,2
-0.15929847972961866,0.6728656546839573,NJ,2
-0.16333333477377893,0.7274074111271788,NM,2
-0.140395482107576,0.6867231669188556,NV,2
-0.1356150644069935,0.6545606730772362,NY,2
-0.16772306403522086,0.6824475899048109,OH,2
-0.15052473928215265,0.6742128965066471,OK,2
-0.18557214221081528,0.7093698216562049,OR,2
-0.1656612550172802,0.6979891760224348,PA,2
-0.09653179325981637,0.7236994280980501,RI,2
-0.14222222417593006,0.6777777823754865,SC,2
-0.10533333490292232,0.5840000028411547,SD,2
-0.1704128462855422,0.7116972518948104,TN,2
-0.17098436281976068,0.681343149601481,TX,2
-0.15864865077105728,0.6732432468920141,UT,2
-0.15425532147834345,0.6786052043732458,VA,2
-0.1534883737304183,0.7982558161020279,VT,2
-0.13728813720400498,0.6525659165266207,WA,2
-0.17310443702813386,0.7040057262360453,WI,2
-0.17000000201738796,0.7523076980159833,WY,2
-0.12226720860129907,0.6894736878785045,AK,3
-0.14743202578085066,0.6592145040293654,AL,3
-0.2006880756843528,0.7245412861091007,AR,3
-0.16556862924028845,0.7060392187740289,AZ,3
-0.14835602985970284,0.6800730687163075,CA,3
-0.14390415998623352,0.6808315746018885,CO,3
-0.1489323861499274,0.6583629925321005,CT,3
-0.0812500003958121,0.6734375044470653,DC,3
-0.12904762132536798,0.6304761934493269,DE,3
-0.14985004462774176,0.6787917771454081,FL,3
-0.15419254841294533,0.6621118052139509,GA,3
-0.11571906502031562,0.6618729125596209,HI,3
-0.17751938208591106,0.6875969018180703,IA,3
-0.13716216387881622,0.6689189212094689,ID,3
-0.16351590320046713,0.6867491198841864,IL,3
-0.11914480221254138,0.6839650168623939,IN,3
-0.13836478130809915,0.6432704430331224,KS,3
-0.1567662589003206,0.6325131846568915,KY,3
-0.16238698262256482,0.6609403295391938,LA,3
-0.1464358468268772,0.670162936221133,MA,3
-0.13628118087341184,0.6701814096902503,MD,3
-0.17233606783642633,0.6723360693326494,ME,3
-0.1567567587599211,0.6952408963177446,MI,3
-0.1553219467616896,0.6306176119619851,MN,3
-0.14268833221633814,0.6689807996373938,MO,3
-0.14065573994742064,0.7026229546206897,MS,3
-0.146982759494206,0.7060344866958672,MT,3
-0.15440547660031412,0.6958083852271528,NC,3
-0.1432835841134413,0.8119403056021947,ND,3
-0.1540178580076567,0.6812500028671431,NE,3
-0.1366795398381226,0.7386100429710735,NH,3
-0.14314429459816588,0.7047379796272204,NJ,3
-0.1350210982095843,0.6675105489444632,NM,3
-0.15138121741664345,0.6812154731985943,NV,3
-0.11719944538280648,0.6494266878725485,NY,3
-0.1494069124210305,0.7117070694977072,OH,3
-0.13273273439736696,0.6222222252404904,OK,3
-0.17471059878171818,0.6933214633874031,OR,3
-0.14232209916418412,0.668164798204372,PA,3
-0.1443708630291042,0.6735099367550667,RI,3
-0.1642487068790846,0.7284974139923671,SC,3
-0.13333333474703324,0.6602564127399371,SD,3
-0.15670588368002106,0.7229411803624209,TN,3
-0.1573736634390282,0.66994176507724,TX,3
-0.13631579070106933,0.7213157927127261,UT,3
-0.1460966559858644,0.6852540302850869,VA,3
-0.16540880655904985,0.7018867941491259,VT,3
-0.10974903629093097,0.637693052955015,WA,3
-0.17713458992422232,0.6858176578014183,WI,3
-0.18536585666299835,0.6853658538766023,WY,3
-0.1960159392945795,0.7203187306385591,AK,4
-0.1486238550839074,0.6815203177897677,AL,4
-0.14688796893194994,0.6587136950792118,AR,4
-0.16338329972283147,0.690292651731146,AZ,4
-0.15399054275231533,0.6821312475382418,CA,4
-0.16542185532807646,0.6840940553277607,CO,4
-0.14945848559160524,0.6512635413301766,CT,4
-0.14807692671624514,0.5653846212304555,DC,4
-0.1511627928808678,0.6697674460535825,DE,4
-0.1552193358020023,0.672156786505257,FL,4
-0.1455182091747763,0.6707983230467603,GA,4
-0.09725609932821698,0.6743902457287398,HI,4
-0.1481617671327994,0.6878676537889987,IA,4
-0.19591078248055008,0.7159851319727845,ID,4
-0.1810116110798929,0.7022388088540058,IL,4
-0.14690431696668574,0.6772045060628797,IN,4
-0.13526510660399932,0.6447595588394364,KS,4
-0.13711340386177254,0.6962199347330532,KY,4
-0.16740331647859313,0.6675874815351616,LA,4
-0.1563885973839221,0.6553326325437965,MA,4
-0.1662076288060743,0.6551906801996974,MD,4
-0.1618843705610749,0.6944325527682804,ME,4
-0.1819089924447346,0.6834073280305761,MI,4
-0.17695852699539355,0.6943548417173773,MN,4
-0.1622720916153338,0.6496493718985253,MO,4
-0.10886850383485858,0.6596330315877174,MS,4
-0.1139442244492679,0.669322711300565,MT,4
-0.17108895939323435,0.6881135007583656,NC,4
-0.19058823936125813,0.7423529435606564,ND,4
-0.13879310583760002,0.6387931068973809,NE,4
-0.17250996234407462,0.6486055823673765,NH,4
-0.1412550080443256,0.6858478000559142,NJ,4
-0.156785715823727,0.7246428581752947,NM,4
-0.13974026100976125,0.6618181841714041,NV,4
-0.12412356977059748,0.6797466187588211,NY,4
-0.16352166981322389,0.6765222198815707,OH,4
-0.1251506036798279,0.7231927749375442,OK,4
-0.15757085257454925,0.6913360355173045,OR,4
-0.1764872545539995,0.6705382477397115,PA,4
-0.15769230971460815,0.7686813231352921,RI,4
-0.16825153564382914,0.6814417205522397,SC,4
-0.19473684588937384,0.65263158602542,SD,4
-0.16219653382122173,0.7196531827136271,TN,4
-0.1618802223731278,0.6797938537198844,TX,4
-0.14680851213237706,0.7127659607163452,UT,4
-0.14620853271953302,0.6616113776191009,VA,4
-0.10697674543358557,0.6715116306792858,VT,4
-0.12300370333963508,0.6615811777963548,WA,4
-0.16351706226627655,0.6690288753471193,WI,4
-0.1678160936839279,0.5574712652242046,WY,4
-0.14928910047945818,0.7028436048830289,AK,5
-0.16753048971068205,0.6696646364246744,AL,5
-0.16812227256433412,0.6753275136434875,AR,5
-0.17724551080898968,0.7300149728683476,AZ,5
-0.15560622928881726,0.6809246753241247,CA,5
-0.17915804269726807,0.6979296088702025,CO,5
-0.15215759982982227,0.6594746729837797,CT,5
-0.19841270243364667,0.6682539689871999,DC,5
-0.15533980839316128,0.6786407766122262,DE,5
-0.15663023496299805,0.668199630905535,FL,5
-0.17401086302044966,0.6732350676107351,GA,5
-0.12900302210243084,0.6135951708720889,HI,5
-0.17034884003648,0.6967054302407096,IA,5
-0.17862069185437826,0.6986206920753265,ID,5
-0.16017777983347575,0.7202666687766711,IL,5
-0.15909961864380773,0.6648467456158322,IN,5
-0.15053908534930402,0.6710242613386915,KS,5
-0.1507614233898229,0.700000003421468,KY,5
-0.17666666881557094,0.6984210538236718,LA,5
-0.15155601815254854,0.6642116213302395,MA,5
-0.14547537415707645,0.6687285252862779,MD,5
-0.1967005095619538,0.7012690370760594,ME,5
-0.1757085041685419,0.6620589960743541,MI,5
-0.14880383012005302,0.666746413629306,MN,5
-0.15988700770599354,0.6903954832420006,MO,5
-0.1523668655144745,0.7023668665460934,MS,5
-0.1431906639601934,0.6894941653201089,MT,5
-0.1741961437573962,0.70409968076723,NC,5
-0.101204821503306,0.6506024129598974,ND,5
-0.147846892333487,0.6253588552181231,NE,5
-0.11926229692018422,0.7086065606992753,NH,5
-0.15270570949482154,0.6960711658409651,NJ,5
-0.1767790283770597,0.6715355834431862,NM,5
-0.1554644825802149,0.6562841549271443,NV,5
-0.12820513000561976,0.659782229409454,NY,5
-0.16006192174750708,0.7094943263290221,OH,5
-0.16799363251894142,0.697292994589183,OK,5
-0.18200493250700325,0.6893179975113324,OR,5
-0.1862545476393266,0.6906181846911257,PA,5
-0.17518248370964162,0.7452554754967237,RI,5
-0.13360389748999438,0.6865259770594248,SC,5
-0.09605263212793752,0.7289473734992115,SD,5
-0.18276283826250905,0.7404645502676591,TN,5
-0.15880224546402427,0.6921838270980539,TX,5
-0.12296296450090995,0.6180246939445719,UT,5
-0.17028360251617491,0.6743526531224922,VA,5
-0.1520958100250381,0.6353293429770156,VT,5
-0.1400618516254331,0.672167559583468,WA,5
-0.17926829439110872,0.7125609778049515,WI,5
-0.13119266325727516,0.7587155971095103,WY,5
-0.14780701863530435,0.6565789496362732,AK,6
-0.1454674235357779,0.6358356979641293,AL,6
-0.15000000131789165,0.6635678423634127,AR,6
-0.18313433046994812,0.6638059727791975,AZ,6
-0.15951630058021934,0.6422562751528986,CA,6
-0.167494825987959,0.6579710168672727,CO,6
-0.17416974349545378,0.6446494488561065,CT,6
-0.18518518481725527,0.5716049422820411,DC,6
-0.1573333348830541,0.6204444478286637,DE,6
-0.1588060311967184,0.6314359416846055,FL,6
-0.15713296594856685,0.6402354592875348,GA,6
-0.14076433321283122,0.6257961817133199,HI,6
-0.1499061926109035,0.6354596663762659,IA,6
-0.1496774209843528,0.6341935522613987,ID,6
-0.17965260753215492,0.6793217570378427,IL,6
-0.1274582571272284,0.6346938803391133,IN,6
-0.1531531547736784,0.6328185364757419,KS,6
-0.14517766581422786,0.6563451808519574,KY,6
-0.1750410534135618,0.6474548474027606,LA,6
-0.14723618257435125,0.6796984965327996,MA,6
-0.17494990156295304,0.6134268576521912,MD,6
-0.14058296051661529,0.6244394632532457,ME,6
-0.1659412426758513,0.6567464674842239,MI,6
-0.1554272534200969,0.6550808343563151,MN,6
-0.15942228581382287,0.6707015160107384,MO,6
-0.15080906327777696,0.6223301009356397,MS,6
-0.16210937694995664,0.6730468783935066,MT,6
-0.17638572695224505,0.650569479004533,NC,6
-0.1987951826079782,0.5987951821950545,ND,6
-0.11545893823467016,0.6613526605969466,NE,6
-0.17453703953436128,0.6541666711715085,NH,6
-0.1476034161904417,0.6671700629204492,NJ,6
-0.1594155862346872,0.7113636388358745,NM,6
-0.16842105466655746,0.6803324119783835,NV,6
-0.11705825691260363,0.6267138749653594,NY,6
-0.1610230198944621,0.6657289038952964,OH,6
-0.15849858536134362,0.6871104846911626,OK,6
-0.16030928039366438,0.6298969098562023,OR,6
-0.17471671568245625,0.6616147343312039,PA,6
-0.159868422748619,0.6664473692837515,RI,6
-0.16450617453198374,0.6574074119260466,SC,6
-0.1366336657711775,0.6257425765737449,SD,6
-0.17600897122425085,0.6983183882211756,TN,6
-0.15740140172576098,0.65432815772871,TX,6
-0.11445221629662393,0.682750585491146,UT,6
-0.16386707128444827,0.6245921470247366,VA,6
-0.10701754597718256,0.7111111141261999,VT,6
-0.12503559712902254,0.6107736150263382,WA,6
-0.15740072417883236,0.6788207029948453,WI,6
-0.2093750035855919,0.6479166718199849,WY,6
-0.11578947552724887,0.5910526354846202,AK,7
-0.16844584223239725,0.6397174290809751,AL,7
-0.12882883064784445,0.6427927971523892,AR,7
-0.1587892067010693,0.6525893543516086,AZ,7
-0.15072016632058458,0.6199735481388372,CA,7
-0.168767314569359,0.6419667616135691,CO,7
-0.13985765274627354,0.6430605014925326,CT,7
-0.14489795997434732,0.5285714305177027,DC,7
-0.16403162214360215,0.6640316208184001,DE,7
-0.15132602376274668,0.6426919268468323,FL,7
-0.14982130191554505,0.6120800597112549,GA,7
-0.12147058980429876,0.6044117672916721,HI,7
-0.15367647213861346,0.6641544141149258,IA,7
-0.1559602671506389,0.6579470246635526,ID,7
-0.1419093869626522,0.6344660221686448,IL,7
-0.13158363154244168,0.6208185086828852,IN,7
-0.12811344217063467,0.6531442697590583,KS,7
-0.16794117854579407,0.6122058863915941,KY,7
-0.1440647500801644,0.631115112239294,LA,7
-0.15151515338155958,0.6253535394114678,MA,7
-0.14303797640871282,0.6418695256781439,MD,7
-0.16161825951513414,0.6284232401439758,ME,7
-0.14967567752341968,0.6340540580008481,MI,7
-0.1626251413009323,0.6558398248853621,MN,7
-0.16560102482814618,0.6598465508588439,MO,7
-0.14513889017204445,0.5736111154676311,MS,7
-0.15860806102608585,0.6293040326226762,MT,7
-0.1559272745793516,0.6433454575917937,NC,7
-0.06708860953774633,0.5594936772426472,ND,7
-0.11822222358650633,0.6448888934652011,NE,7
-0.13333333484577328,0.6805243479569306,NH,7
-0.13571428718085385,0.6275600539343773,NJ,7
-0.18118812089706016,0.6729372992816538,NM,7
-0.13442211223756848,0.6467336707154111,NV,7
-0.11832657013968904,0.6116297256191038,NY,7
-0.1509343575120372,0.6624820351950507,OH,7
-0.15754026503985308,0.6344070306394145,OK,7
-0.17492260289704284,0.6681114587667557,OR,7
-0.16940194866276748,0.6559805319811605,PA,7
-0.18139535050059474,0.6366279084062161,RI,7
-0.1117263860903462,0.6451140096477849,SC,7
-0.15066667020320892,0.6773333391547203,SD,7
-0.1557413622437911,0.6229654437257028,TN,7
-0.1565810191873028,0.6376857223251945,TX,7
-0.09422572330618156,0.6440944890259445,UT,7
-0.14305402624370508,0.6444873244531428,VA,7
-0.17578947583311486,0.6747368459246661,VT,7
-0.11803955819730627,0.6133449284833065,WA,7
-0.19528688766734034,0.7136270518750563,WI,7
-0.1767241400505962,0.5594827646453833,WY,7
-0.1556053831505134,0.6529148013535636,AK,8
-0.1440177268212444,0.648596753904175,AL,8
-0.1344387770003202,0.6267857166691398,AR,8
-0.1384509955370075,0.6871830041866911,AZ,8
-0.1431638111411761,0.6475868065104998,CA,8
-0.14747331118562468,0.6844128142207119,CO,8
-0.1510597322286898,0.6816955716537603,CT,8
-0.1579710161988286,0.4826086978765501,DC,8
-0.11310679848911692,0.5480582578812988,DE,8
-0.14551641500508006,0.6426541259746441,FL,8
-0.13853084035759905,0.615107417860464,GA,8
-0.12492012906188782,0.6472843488612876,HI,8
-0.14919355026476325,0.6770161327515398,IA,8
-0.14812286907597205,0.6686006855130603,ID,8
-0.17028806781081995,0.6531687275924309,IL,8
-0.11655629263413662,0.6277199656391551,IN,8
-0.11490909200726132,0.6238787906458884,KS,8
-0.14411764878024852,0.6331699373675328,KY,8
-0.16037441643649442,0.5993759788677399,LA,8
-0.1428263231452872,0.654368935046394,MA,8
-0.15080113236377196,0.6338360069440739,MD,8
-0.15844749033314998,0.6712328810329851,ME,8
-0.16043829499833034,0.6762975802883557,MI,8
-0.12814569702705012,0.6321192082864691,MN,8
-0.14801136554557492,0.6776988658927042,MO,8
-0.10685358405391747,0.634579441025621,MS,8
-0.16518218739915955,0.6700404877001457,MT,8
-0.14612403269423996,0.6641860495877359,NC,8
-0.14909091280265288,0.7272727276791225,ND,8
-0.14086538632042134,0.6567307708856578,NE,8
-0.16603053602894755,0.6568702298664411,NH,8
-0.13155467834750653,0.6381422959474236,NJ,8
-0.13527607545256615,0.6723926410398966,NM,8
-0.1605128220258615,0.7035897464706348,NV,8
-0.10766588727493567,0.6580015643302767,NY,8
-0.15678092586020007,0.6505216121806828,OH,8
-0.12742424390532753,0.648484849534703,OK,8
-0.15709430963028864,0.6779949050349204,OR,8
-0.15624048914108285,0.6609589070467281,PA,8
-0.1658823557636317,0.6188235342940863,RI,8
-0.16762360650006286,0.6925039897647581,SC,8
-0.19784946427229916,0.7784946231592086,SD,8
-0.15132743578437155,0.6326327466084498,TN,8
-0.14445216377010406,0.6434971380601701,TX,8
-0.11361386278404458,0.6262376274138984,UT,8
-0.13652625667501994,0.6489324908697117,VA,8
-0.1429530217143513,0.6872483251878879,VT,8
-0.11544696769611106,0.6228809666273327,WA,8
-0.17543859865233216,0.6802339210844877,WI,8
-0.15420560796405666,0.6364485998159257,WY,8
-0.0735849066163009,0.7056603808448,AK,9
-0.15645161379248865,0.6801075308473521,AL,9
-0.1633333367606004,0.6575000055134297,AR,9
-0.1486033542321048,0.6935754219621586,AZ,9
-0.13716381604721756,0.6400366774543865,CA,9
-0.15340314296449667,0.6840314151260866,CO,9
-0.1527397284054593,0.6328767122675295,CT,9
-0.2000000054637591,0.5133333355188371,DC,9
-0.07592592609149439,0.537037040900301,DE,9
-0.15722311555406446,0.6247993611146129,FL,9
-0.15887574181401518,0.6556213050639841,GA,9
-0.13750000204890964,0.5765625014901161,HI,9
-0.16097561167023047,0.6260162627672762,IA,9
-0.19827586579425585,0.8258620740781569,ID,9
-0.1515923585671528,0.6308917230718835,IL,9
-0.1318644083910069,0.666101695748709,IN,9
-0.1633802830053607,0.6389671384308819,KS,9
-0.15000000168034372,0.6420212795046416,KY,9
-0.17019867689798998,0.5701986815262314,LA,9
-0.1624000024199486,0.7144000042676926,MA,9
-0.16920000237226487,0.6552000066936016,MD,9
-0.15636363821950824,0.6500000029802322,ME,9
-0.14402655050554106,0.6311946934237417,MI,9
-0.1403508786308138,0.6311403537789979,MN,9
-0.16270270488552144,0.6372973022831453,MO,9
-0.1392405088755149,0.5797468377630922,MS,9
-0.11617647220983225,0.8367647118866444,MT,9
-0.15534591384278906,0.6150943418531298,NC,9
-0.1933333347241084,0.7400000015894572,ND,9
-0.18275862431217885,0.7051724122259123,NE,9
-0.0895522401404025,0.6089552249481429,NH,9
-0.15065963328435114,0.6321899783760703,NJ,9
-0.19078947701736498,0.6131578988738751,NM,9
-0.1923809548928624,0.6790476226380893,NV,9
-0.11052631740038568,0.5954627979905116,NY,9
-0.11467391490072446,0.6650362344242741,OH,9
-0.13202614590428233,0.597385623291427,OK,9
-0.1625899303195288,0.7111510811038584,OR,9
-0.1712074329148136,0.6145510870974868,PA,9
-0.11800000295042992,0.644000007212162,RI,9
-0.17175141452564358,0.6740113016070619,SC,9
-0.1407407447695732,0.7037037050834408,SD,9
-0.15229357929404722,0.6674311946086381,TN,9
-0.1362081270980903,0.6215965797964029,TX,9
-0.08958333505628009,0.6364583359876027,UT,9
-0.14718826576010813,0.6264058713662304,VA,9
-0.06744186043046242,0.5976744240453077,VT,9
-0.09918625823223784,0.5989150126240675,WA,9
-0.1575609772307117,0.7785365905340125,WI,9
-0.22222222636143368,0.7518518528452626,WY,9
-0.16172839719572185,0.7024691403831964,AK,10
-0.1838565050486492,0.6677130103244909,AL,10
-0.1390625011990778,0.6179687508847564,AR,10
-0.1474409462136077,0.6793307121256441,AZ,10
-0.1365342658811498,0.6581842015496979,CA,10
-0.15482695955776346,0.6457194936595763,CO,10
-0.15076142383105864,0.6365482281080357,CT,10
-0.02000000365078449,0.6500000055879355,DC,10
-0.06666666743430225,0.7000000026415695,DE,10
-0.1522687113128765,0.6513847995178448,FL,10
-0.16540880641847286,0.681551365451243,GA,10
-0.0644444448252519,0.7022222244077259,HI,10
-0.13313953673770262,0.5953488403194865,IA,10
-0.12500000084665688,0.6443181838840246,ID,10
-0.1771052645029206,0.6515789478036919,IL,10
-0.12895442537424073,0.6579088516952845,IN,10
-0.08125000209030178,0.6364583363239136,KS,10
-0.13364929045546112,0.6554502376236057,KY,10
-0.1410810817335103,0.6616216241507917,LA,10
-0.13023255946133225,0.6654485075477746,MA,10
-0.130270271909398,0.638918920042547,MD,10
-0.15944055973233046,0.6706293722341111,ME,10
-0.16834319710246556,0.6736686421921972,MI,10
-0.18400000162422656,0.6296666696419319,MN,10
-0.1565789490153915,0.6065789511786741,MO,10
-0.2565789489369643,0.7328947436456618,MS,10
-0.1119565234883972,0.7369565250271041,MT,10
-0.1055555561626399,0.6788359796086316,NC,10
-0.24000000432133675,0.4250000052154064,ND,10
-0.11785714354898247,0.6583333334752491,NE,10
-0.06304347952422887,0.7043478287270536,NH,10
-0.12178217923582192,0.6407920827369878,NJ,10
-0.13111111281646626,0.7066666714019245,NM,10
-0.1044871816650415,0.6314102597057055,NV,10
-0.11031518749173984,0.6112225439716148,NY,10
-0.11632373246309362,0.638545956140683,OH,10
-0.11363636487812707,0.5929292950666312,OK,10
-0.13743589963668432,0.6582051315941871,OR,10
-0.1595918383221237,0.6706122471969955,PA,10
-0.0533333346247673,0.6200000019123156,RI,10
-0.11243243459108714,0.6924324374746632,SC,10
-0.1899999998509884,0.6149999961256981,SD,10
-0.18757575978383872,0.6754545477529367,TN,10
-0.13610223774759533,0.6515974474077026,TX,10
-0.13474576421460865,0.7245762769322274,UT,10
-0.1431034498658902,0.6555555583445277,VA,10
-0.12758620892619266,0.6206896549154972,VT,10
-0.10315249397083462,0.6277126120157606,WA,10
-0.14510489750158534,0.6555944090331352,WI,10
-0.15135135199572589,0.5756756743869266,WY,10
-0.13253968504686206,0.669047620679651,AK,11
-0.1580858107398052,0.694389441988059,AL,11
-0.16632653350884818,0.6857142892799207,AR,11
-0.18171428803886688,0.6727142880324807,AZ,11
-0.1481956472120959,0.675096931757587,CA,11
-0.1331972812004641,0.7213605459754159,CO,11
-0.14888889066599034,0.6925925966766145,CT,11
-0.1576923129077141,0.5692307734145567,DC,11
-0.08320610822384594,0.667938933629571,DE,11
-0.16319906366293346,0.6437622248444606,FL,11
-0.1615492980559947,0.6612676079844085,GA,11
-0.10792683042222406,0.5500000042431965,HI,11
-0.15429864351835726,0.6239819001760418,IA,11
-0.15203252222722138,0.6837398401968847,ID,11
-0.1763727140307625,0.6487520817859399,IL,11
-0.13846153984502732,0.7184257624480933,IN,11
-0.135492959030917,0.6653521132301277,KS,11
-0.15027777939620945,0.6416666692743699,KY,11
-0.17543859921003646,0.6263157943623108,LA,11
-0.1579150597072246,0.7212355255534059,MA,11
-0.14650698718494046,0.6181636761256797,MD,11
-0.17710280637735518,0.6551401898195254,ME,11
-0.16951219742829965,0.6545731745115141,MI,11
-0.17550607502219165,0.6860323922052557,MN,11
-0.1528875387321852,0.6723404275791259,MO,11
-0.14683544489590428,0.6455696241670772,MS,11
-0.1557142865977117,0.7057142844689744,MT,11
-0.1763546817335002,0.6472906434330447,NC,11
-0.08163265351738247,0.7163265344439721,ND,11
-0.12947368629668887,0.6210526336180536,NE,11
-0.11304347981577335,0.6956521771524263,NH,11
-0.13377308878939512,0.7069920876350912,NJ,11
-0.13333333464282932,0.6272727314269904,NM,11
-0.19414893854805765,0.7707446815961219,NV,11
-0.11261444692188866,0.641336049117772,NY,11
-0.14605543903831733,0.6673774020567632,OH,11
-0.16284722374338242,0.7003472245350066,OK,11
-0.14533107148416985,0.6565365053219989,OR,11
-0.1337535030179832,0.6780112078648155,PA,11
-0.13589743725382364,0.6974358995182391,RI,11
-0.1696875031106174,0.6884375037159771,SC,11
-0.1666666697020884,0.7222222202905902,SD,11
-0.150115475591969,0.7023094723530234,TN,11
-0.15847306698560715,0.6581163071747171,TX,11
-0.151578948725211,0.7136842159456328,UT,11
-0.14014084713244945,0.646713619334667,VA,11
-0.14404762119409584,0.6083333349476258,VT,11
-0.13003212156081356,0.6230728078864882,WA,11
-0.16062176360753533,0.6479274655446179,WI,11
-0.16399999991059305,0.6139999967813492,WY,11
-0.16646341820497335,0.6902439070910942,AK,12
-0.14863813362638775,0.6616731548703598,AL,12
-0.1573529433897313,0.6047058880109998,AR,12
-0.154868915830547,0.6905430730725273,AZ,12
-0.1488345010146765,0.6589743627673819,CA,12
-0.16216696488470844,0.6931616366174251,CO,12
-0.1891358052874789,0.6548148176552336,CT,12
-0.10697674439396967,0.7372092959839244,DC,12
-0.13128834565175826,0.6558282277518255,DE,12
-0.16384772813413054,0.633571796515156,FL,12
-0.1610426561668586,0.6601895769131128,GA,12
-0.12166666785875956,0.6500000025456151,HI,12
-0.12655367437055556,0.6519774064674215,IA,12
-0.19794872047809453,0.6497435938853484,ID,12
-0.15750552106969404,0.6589404013723332,IL,12
-0.12952710677801946,0.6566320688752705,IN,12
-0.15893417139038396,0.6438871501218002,KS,12
-0.16277372514842636,0.6786496398603394,KY,12
-0.13778920448684448,0.6100257086186912,LA,12
-0.14879679347184252,0.6512032128511903,MA,12
-0.14796748182920585,0.6673441760262177,MD,12
-0.12034384097188795,0.6736389728834089,ME,12
-0.16827774229931786,0.676514639202797,MI,12
-0.17161084791167122,0.7003189816690708,MN,12
-0.17081712266060628,0.6885214032395108,MO,12
-0.1526923099389443,0.6173076931960307,MS,12
-0.13859649229119395,0.6684210566226502,MT,12
-0.17243781323308374,0.6528358233657049,NC,12
-0.1300000023628984,0.6671428584626743,ND,12
-0.09172413929783063,0.6013793118554971,NE,12
-0.16964285910528684,0.6910714329486447,NH,12
-0.1557450646624852,0.6363554795137214,NJ,12
-0.19095022865145456,0.6773755677145531,NM,12
-0.11854545544494285,0.6592727292396805,NV,12
-0.12488131402611065,0.638347003734351,NY,12
-0.1603021998582715,0.6653159374862418,OH,12
-0.15373134532017999,0.6417910496213797,OK,12
-0.17266436238293004,0.6432525995934023,OR,12
-0.15306930876899474,0.6800990121641962,PA,12
-0.1488721828935738,0.6255639127658722,RI,12
-0.14060475326446942,0.6231101532637687,SC,12
-0.2426666702826818,0.7200000049670537,SD,12
-0.15372124691374087,0.6583220599892174,TN,12
-0.15172013196347758,0.6339609515595608,TX,12
-0.08576512623087791,0.7120996456977735,UT,12
-0.1361788638057263,0.6623577270626537,VA,12
-0.15241379496352425,0.5868965535328305,VT,12
-0.1226143337568878,0.6378466009015139,WA,12
-0.15697479190445748,0.6722689118079779,WI,12
-0.18888889117674396,0.6656565675982321,WY,12
-0.1905263191775272,0.6342105306684971,AK,13
-0.18010118309703685,0.6495784180612628,AL,13
-0.17447916897557056,0.6692708378929334,AR,13
-0.17059248833341062,0.6664017362390898,AZ,13
-0.14231797644113064,0.6286208559460921,CA,13
-0.1507392492926409,0.6285618313598216,CO,13
-0.13555992387366902,0.6603143459189618,CT,13
-0.08933333535989127,0.4213333381215731,DC,13
-0.14473684543841764,0.6399999998117748,DE,13
-0.15884782394981573,0.6239933961036652,FL,13
-0.15280728633988971,0.625644919791786,GA,13
-0.13501683712908716,0.6663299697115767,HI,13
-0.14078341204724554,0.6592165919939219,IA,13
-0.1371527806752258,0.6354166704695672,ID,13
-0.1658997558112407,0.6414954831966045,IL,13
-0.1345940980840323,0.6523062768856208,IN,13
-0.12267658203064732,0.5933085532750486,KS,13
-0.17288401573429288,0.6205329201811907,KY,13
-0.16784968913099213,0.6114822592827373,LA,13
-0.15435244404016787,0.6733545689683431,MA,13
-0.13182751764782402,0.6120123246137733,MD,13
-0.15698198427085405,0.6547297331429011,ME,13
-0.1521367544754066,0.6615918840154305,MI,13
-0.16518438432907076,0.6367678998963434,MN,13
-0.1774038485585688,0.6461538500033128,MO,13
-0.12375479071647273,0.552490425549476,MS,13
-0.154440157057926,0.6694980703840845,MT,13
-0.17370617946295785,0.6850584341906546,NC,13
-0.1606060637894905,0.7393939488313415,ND,13
-0.16985646221768913,0.66172249073332,NE,13
-0.19069767584518868,0.7372093058891537,NH,13
-0.13052772405590307,0.6472945915673204,NJ,13
-0.12929687721771188,0.6835937556170393,NM,13
-0.1736196346946655,0.6644171817810989,NV,13
-0.10564144880657918,0.6299342136009057,NY,13
-0.14674556422133653,0.633629195157005,OH,13
-0.15753424928000528,0.6335616471781714,OK,13
-0.15590119173056688,0.6716376986330731,OR,13
-0.1756419688900516,0.6879677224852369,PA,13
-0.11506849522255873,0.5856164418262978,RI,13
-0.13816666919738055,0.6713333356132111,SC,13
-0.18500000396743416,0.5687500067055226,SD,13
-0.16340909309854562,0.6289772757752375,TN,13
-0.15251505360438491,0.6336764453275965,TX,13
-0.12203856939372937,0.6608815468827227,UT,13
-0.1632063903454554,0.6550368582761186,VA,13
-0.16312056927816246,0.7092198604281913,VT,13
-0.1209116557725054,0.6198308303780657,WA,13
-0.1620643456483974,0.6288203786529261,WI,13
-0.20108695935619916,0.5913043499154889,WY,13
-0.1664739904892927,0.6213872879312906,AK,14
-0.13684210723096674,0.6366826192114912,AL,14
-0.16666666919414974,0.6032448405713107,AR,14
-0.15993589916839626,0.6445512850231563,AZ,14
-0.15355076409867202,0.626827988708916,CA,14
-0.16876770752263134,0.6859065192110477,CO,14
-0.15413043562160886,0.6934782626836197,CT,14
-0.26000000178813937,0.5720000064373016,DC,14
-0.1473170757293701,0.6448780526838651,DE,14
-0.15606848905238435,0.6369094102137601,FL,14
-0.15381974385403768,0.6410300459153151,GA,14
-0.14800000158449014,0.5893333366016547,HI,14
-0.1683544322754009,0.6206751111344697,IA,14
-0.1458823540339283,0.6905882385723731,ID,14
-0.1623485578017488,0.6478098826508931,IL,14
-0.13541666858105195,0.6350198449079125,IN,14
-0.1304993269293897,0.6572199762470811,KS,14
-0.16634304412794346,0.6457928822143757,KY,14
-0.15423387243983247,0.6481854881520474,LA,14
-0.14269938844661773,0.6536196357176348,MA,14
-0.15079185600936146,0.6195701389695725,MD,14
-0.1451612928352398,0.6082111498084236,ME,14
-0.15696721512658535,0.6524590197994223,MI,14
-0.1450399103804896,0.6830102651716637,MN,14
-0.16204268469407065,0.7201219546018032,MO,14
-0.15993031477782785,0.6264808394975363,MS,14
-0.1500000023731479,0.6712962977795137,MT,14
-0.14785331106463145,0.6710196813711753,NC,14
-0.13666666932404042,0.5633333419760068,ND,14
-0.12538071226347522,0.6624365500009001,NE,14
-0.14096385776158796,0.6244979931348299,NH,14
-0.16210363667576422,0.6352668245426002,NJ,14
-0.17188612339865694,0.6676156605689976,NM,14
-0.14583333521815284,0.6922619078263995,NV,14
-0.12675499106665686,0.6224707530007658,NY,14
-0.1540309682575955,0.6524292615546113,OH,14
-0.15957446984206955,0.6452127680288139,OK,14
-0.1778634381418974,0.6370044100274731,OR,14
-0.1459726460085542,0.6512917964223851,PA,14
-0.162686568809979,0.617910448461771,RI,14
-0.18527827809165154,0.6479353710233202,SC,14
-0.15222222465607854,0.6233333380685913,SD,14
-0.15297927667864555,0.690673576803019,TN,14
-0.16196306874591967,0.6321156200504552,TX,14
-0.10289389283135772,0.6591639922410729,UT,14
-0.15268324835820815,0.6554319416099662,VA,14
-0.16456693017811286,0.7377952746166958,VT,14
-0.11056251638872973,0.6162613636059803,WA,14
-0.14350205394866206,0.6272229857324901,WI,14
-0.13661971961108732,0.6281690159943741,WY,14
-0.14170616314309467,0.6071090105373712,AK,15
-0.17304075485953715,0.6689655210671006,AL,15
-0.17348066515685445,0.6975138142128676,AR,15
-0.18416961361999645,0.6975971766421736,AZ,15
-0.15991013665369094,0.6508404090293812,CA,15
-0.1626990162304986,0.6708870384110656,CO,15
-0.13641304533550705,0.6429347841716979,CT,15
-0.12784810354815254,0.6240506362688693,DC,15
-0.1280788184680375,0.6610837447746046,DE,15
-0.1781829973207654,0.6499784236784301,FL,15
-0.1543585544292766,0.6733552662802762,GA,15
-0.16498195178241934,0.6155234676405841,HI,15
-0.20473118563813547,0.6823655943876954,IA,15
-0.18639456024583506,0.6734693925701031,ID,15
-0.19267203108847836,0.6773011646732036,IL,15
-0.161490127631535,0.6849192136453875,IN,15
-0.1482758639804248,0.6164137952389388,KS,15
-0.16365131778691552,0.6626644755444048,KY,15
-0.18057259906593764,0.6057259747587098,LA,15
-0.18110749436123752,0.6158523379575287,MA,15
-0.15781094676523064,0.671144281364792,MD,15
-0.14875622054756574,0.6529850780741492,ME,15
-0.19670388367520186,0.7354598651377208,MI,15
-0.207577499316152,0.670378876779438,MN,15
-0.213672498960658,0.7022257581803302,MO,15
-0.1817490514580288,0.5958174917804424,MS,15
-0.16464646720023268,0.7198653231164823,MT,15
-0.1689771786710013,0.6597633155870518,NC,15
-0.29285714589059353,0.8964285782671401,ND,15
-0.126886794097581,0.6632075539245358,NE,15
-0.19884170114303648,0.6725868753312177,NH,15
-0.1679618785054016,0.6824780087699551,NJ,15
-0.1457364360780217,0.7445736484991949,NM,15
-0.19107143161818385,0.6389880974643997,NV,15
-0.12380211181839412,0.6230755949506007,NY,15
-0.16818675585293355,0.6712812192325484,OH,15
-0.1718592987687544,0.6638190983802429,OK,15
-0.18420057003663864,0.6444654712064039,OR,15
-0.18179036217421726,0.6900535611679468,PA,15
-0.09934210659641968,0.6914473708326879,RI,15
-0.17777778000616634,0.6806921708806399,SC,15
-0.22897196742140244,0.6439252374606712,SD,15
-0.1626055515017383,0.6558504269084252,TN,15
-0.17539744313983965,0.6512989558686855,TX,15
-0.1429362904868628,0.7321329665811438,UT,15
-0.17100785525896006,0.6553664954954573,VA,15
-0.11074380293365353,0.6595041382411295,VT,15
-0.12630320572178938,0.6184600699053376,WA,15
-0.16605375072743633,0.6405940641882227,WI,15
-0.17176470809123096,0.7564705911804648,WY,15
-0.17945946233498086,0.6545945996368253,AK,16
-0.18250401554865398,0.6295345123516423,AL,16
-0.17282051530021889,0.6812820532192022,AR,16
-0.16201034955906146,0.6582409494610866,AZ,16
-0.15336259793671794,0.640398184493065,CA,16
-0.1508239970966712,0.6249176043680646,CO,16
-0.13425129254488033,0.6311531884406602,CT,16
-0.09531250142026693,0.6453125072875991,DC,16
-0.11390374413626715,0.6497326205997543,DE,16
-0.16546501931750274,0.6417875458985415,FL,16
-0.1760633885736163,0.6276897450068576,GA,16
-0.13068965686292486,0.605172415694286,HI,16
-0.1442680799876992,0.6380952412436669,IA,16
-0.16868687117541278,0.6437710485976151,ID,16
-0.17981727814233778,0.6696013310719963,IL,16
-0.1381835047573376,0.6641334591017375,IN,16
-0.12060890106846353,0.6217798631315489,KS,16
-0.16500754374589316,0.6541478161223874,KY,16
-0.16889313258628808,0.6520992396754846,LA,16
-0.154016915275607,0.6762156477532729,MA,16
-0.13417989580877246,0.5922751357236867,MD,16
-0.12863849981429992,0.6230046979803154,ME,16
-0.1654554285693827,0.655717057829304,MI,16
-0.1449029150518399,0.6367718486874862,MN,16
-0.16982408888204495,0.6556156987326878,MO,16
-0.19429530495865235,0.7010067141046059,MS,16
-0.1626415121105482,0.649811326192235,MT,16
-0.16920062944549938,0.6656739835139821,NC,16
-0.24945055341327585,0.640659341609085,ND,16
-0.1660098535894173,0.6177339930399298,NE,16
-0.1404761920668303,0.6809523815200442,NH,16
-0.14262069147722475,0.6461379340547939,NJ,16
-0.1449152561757019,0.6355932216017933,NM,16
-0.15721519238586668,0.6726582303643227,NV,16
-0.11486262971278215,0.5943065240254113,NY,16
-0.16463158164761568,0.6703157922978464,OH,16
-0.18621848973156024,0.6415126097302477,OK,16
-0.16226583623545815,0.6546833208503732,OR,16
-0.1823701562786416,0.65201170816091,PA,16
-0.1598802415910595,0.6544910211138383,RI,16
-0.15259392010397899,0.6651162819433724,SC,16
-0.17156863008059708,0.6990196128540179,SD,16
-0.16112385515055253,0.6642201869671635,TN,16
-0.16455626945946047,0.6387191252474488,TX,16
-0.13887468186180915,0.6498721271295986,UT,16
-0.16470588470244651,0.6689897732394735,VA,16
-0.13972602963243444,0.6534246613003619,VT,16
-0.10936999025691688,0.5990378038136274,WA,16
-0.141226995713506,0.6523926420354405,WI,16
-0.1971153883406749,0.7182692331620134,WY,16
-0.18333333606521288,0.6913043537541576,AK,17
-0.1384761929512024,0.6662857174447605,AL,17
-0.15092592741604205,0.5771604968165911,AR,17
-0.188829314239969,0.6275245781398651,AZ,17
-0.1608404634113802,0.6485310557920745,CA,17
-0.16212510909396766,0.6734361637259204,CO,17
-0.12400990235849772,0.6089108937447614,CT,17
-0.13555555707878536,0.4244444486167696,DC,17
-0.18595505756943412,0.7769662953410925,DE,17
-0.16387993283246358,0.6420739309677886,FL,17
-0.17402723998353176,0.6591439718083417,GA,17
-0.1448398595443824,0.6345195751703506,HI,17
-0.16975717669225426,0.6715231821368598,IA,17
-0.16209677726991714,0.6370967770476015,ID,17
-0.15161290565252536,0.6115347043495489,IL,17
-0.13558926669795984,0.6673278916135971,IN,17
-0.16048850741066126,0.6890804620523905,KS,17
-0.1789103715904777,0.6376098443235161,KY,17
-0.17943723188527735,0.6543290074350256,LA,17
-0.17866109009193076,0.657322178502545,MA,17
-0.15813367143931034,0.6390920578775761,MD,17
-0.14553846377592822,0.6153846188004201,ME,17
-0.18137317487125704,0.6737444408744744,MI,17
-0.17941919453630242,0.6651515199454746,MN,17
-0.17266314178442407,0.6776014143827731,MO,17
-0.17058823751468286,0.7164705936815224,MS,17
-0.14579439563589675,0.6570093499096198,MT,17
-0.16400797813685086,0.6235294145859726,NC,17
-0.09183673591029888,0.5387755141270404,ND,17
-0.16833333646257714,0.7155555611683263,NE,17
-0.14619047893654732,0.6814285743449415,NH,17
-0.15311237068044242,0.6506063097556368,NJ,17
-0.1889795935883814,0.7093877574618982,NM,17
-0.1689655186173103,0.5865900403181256,NV,17
-0.12466771099527102,0.6235340144252223,NY,17
-0.167313917974631,0.6592880292135535,OH,17
-0.17106383224116994,0.6295744709353498,OK,17
-0.1988636387573663,0.6776859530147689,OR,17
-0.18299913068595092,0.6642545808330763,PA,17
-0.17950819774729307,0.6319672167301178,RI,17
-0.13849462570362195,0.6795698945560763,SC,17
-0.25468750146683306,0.6515625014435501,SD,17
-0.18478261117146624,0.6490683257001342,TN,17
-0.16224039116338507,0.6297171926121768,TX,17
-0.14794952890098284,0.6870662491263275,UT,17
-0.16570188330456764,0.6543415370255752,VA,17
-0.131250002712477,0.6093750047730282,VT,17
-0.11362165507454143,0.6228302480364133,WA,17
-0.1785318583683459,0.6817174561197903,WI,17
-0.11860465267023375,0.711627910303515,WY,17
-0.14875622026955904,0.6049751267949147,AK,18
-0.15451128016176974,0.6528195495108017,AL,18
-0.1544072976092437,0.646200612096801,AR,18
-0.1695945966812606,0.654391893726849,AZ,18
-0.1601989203227105,0.6467806695903747,CA,18
-0.15869381076532266,0.6713316394197829,CO,18
-0.13817427619611575,0.6209543590971048,CT,18
-0.013043477159479386,0.5869565253024516,DC,18
-0.15099010118606068,0.6569306940430462,DE,18
-0.15356640295697624,0.6436884127704121,FL,18
-0.16657458800774472,0.6593922668618611,GA,18
-0.11781818381764672,0.5850909132849086,HI,18
-0.14944567813841572,0.6687361448012011,IA,18
-0.17819905404654726,0.654502370699322,ID,18
-0.17114846187145435,0.6533146616276684,IL,18
-0.1274623416908094,0.7030127482145576,IN,18
-0.16058496045451975,0.6274373299003809,KS,18
-0.14845173261747552,0.6315118427403638,KY,18
-0.16788618151492218,0.634349596164212,LA,18
-0.14830011943440366,0.6767878099612167,MA,18
-0.1702337043696664,0.6554735589951167,MD,18
-0.15929648431776158,0.6595477412581144,ME,18
-0.15864040893342776,0.6725540041753115,MI,18
-0.167994312221346,0.6924608830749395,MN,18
-0.1431304370061211,0.6657391333839168,MO,18
-0.13175182648166253,0.5959854036243293,MS,18
-0.18928571703976815,0.6540178600033479,MT,18
-0.17549549797633746,0.6581081098197281,NC,18
-0.13750000271414006,0.5982142911691751,ND,18
-0.16237623985893654,0.6366336688694387,NE,18
-0.20338983338136796,0.6169491548848859,NH,18
-0.14980544961032236,0.6273929988595762,NJ,18
-0.2052845550261862,0.6325203266630812,NM,18
-0.13507692497510174,0.6729230780326403,NV,18
-0.1158429668980939,0.6383220439545896,NY,18
-0.1644607866593801,0.6370710810582499,OH,18
-0.16578411558252246,0.6421588628027444,OK,18
-0.15852490622707255,0.6745210758042861,OR,18
-0.17096000238060952,0.6464000021278858,PA,18
-0.19148936534815647,0.6120567430629797,RI,18
-0.15456521924099195,0.6619565229377021,SC,18
-0.1333333367238874,0.6507246404670287,SD,18
-0.15765645998851274,0.6575233043529857,TN,18
-0.15329982728169828,0.6377185331120228,TX,18
-0.15457746740692938,0.6676056374284164,UT,18
-0.15310245477103912,0.6757575782099241,VA,18
-0.14130434971572695,0.6985507278122763,VT,18
-0.13162909029598802,0.644744365875041,WA,18
-0.19235209479906515,0.7298701321020787,WI,18
-0.25487805176072004,0.6048780531599754,WY,18
-0.17553957042505414,0.6611510799835911,AK,19
-0.1425806471096572,0.6834408626441033,AL,19
-0.20522876027849765,0.6983660169773631,AR,19
-0.1989464463700424,0.7065847270628985,AZ,19
-0.16899341697386716,0.6774035783808745,CA,19
-0.1672588848144875,0.7034687004895178,CO,19
-0.1694323158127512,0.6757641934574171,CT,19
-0.12432432617690113,0.5702702741365175,DC,19
-0.16923077148798654,0.6899408337897097,DE,19
-0.1629476959067686,0.6942025280527097,FL,19
-0.1810198317407661,0.7098205892599563,GA,19
-0.13076923335129434,0.7072874514861145,HI,19
-0.16614173399651144,0.669291343139069,IA,19
-0.13030303169638566,0.7476190472126523,ID,19
-0.18265836130390534,0.7085150597947779,IL,19
-0.15480093863864694,0.7059719006528761,IN,19
-0.1828655856640864,0.6867060586039742,KS,19
-0.18542914388481965,0.6662674683802379,KY,19
-0.17387580541331454,0.6693790194436876,LA,19
-0.16526442505598354,0.6933894264064013,MA,19
-0.17376237784945728,0.6434405963074895,MD,19
-0.1655384630881823,0.6926153860413111,ME,19
-0.16546184949606774,0.7216867497228235,MI,19
-0.17693430907534854,0.7183941631530323,MN,19
-0.1561739149948825,0.7133913070611332,MO,19
-0.15915493176541698,0.6359154987345699,MS,19
-0.16885965124687605,0.7263157944145956,MT,19
-0.18530852346882648,0.6366307576944966,NC,19
-0.1571428579470468,0.631746035956201,ND,19
-0.1735955083721809,0.6994382047167654,NE,19
-0.16524064373523795,0.7401069570033946,NH,19
-0.1590871384653313,0.7325311235681609,NJ,19
-0.22575107629334976,0.6622317650159542,NM,19
-0.15649717722067052,0.7262711886968991,NV,19
-0.12483687803754552,0.7001683884336557,NY,19
-0.17649253967927014,0.6906094569388536,OH,19
-0.19726316025382595,0.6816842128258003,OK,19
-0.17640332848979876,0.6828482354489657,OR,19
-0.18842105539352225,0.7135964945416179,PA,19
-0.12063492255078423,0.7317460361454222,RI,19
-0.17348643267888866,0.6722338249078623,SC,19
-0.12702702891987724,0.6729729787723439,SD,19
-0.18751678104768665,0.6923489973949106,TN,19
-0.17252231300395102,0.6811648694865717,TX,19
-0.16495177077902093,0.7141479125360201,UT,19
-0.17341389960617815,0.6992447163425723,VA,19
-0.20793651020716106,0.7682539724286587,VT,19
-0.13953567978748896,0.6754865175721669,WA,19
-0.19705426579760027,0.710697676287603,WI,19
-0.11444444581866264,0.626666670706537,WY,19
-0.20666667173306147,0.4933333372076352,AK,20
-0.23437500232830644,0.7937500039115548,AL,20
-0.12222222652700213,0.6222222306662135,AR,20
-0.2710144936606504,0.7000000015764997,AZ,20
-0.15162241988565367,0.6905604745961923,CA,20
-0.20188679475829285,0.7735849104399951,CO,20
-0.2444444467072133,0.7185185198430661,CT,20
-0.26666667064030963,0.4000000059604645,DC,20
0.10000000149011612,0.6333333402872086,DE,20
-0.155078127165325,0.6359375038882717,FL,20
-0.18554217161902464,0.8807228951748595,GA,20
-0.2000000019868215,0.7933333287636439,HI,20
-0.17428571603127888,0.7257142912064279,IA,20
-0.14285714605024882,0.5285714378669149,ID,20
-0.07037037114302318,0.600000003973643,IL,20
-0.13207547493138402,0.7509434040424958,IN,20
-0.1098039252500908,0.7137254974713513,KS,20
-0.14615384833170816,0.4307692326032199,KY,20
-0.15555555725263226,0.6555555597361591,LA,20
-0.26274509859435696,0.7901960738441524,MA,20
-0.07142857185431889,0.554285720203604,MD,20
-0.11875000037252904,0.5843750007916242,ME,20
-0.12222222314664613,0.7194444460587369,MI,20
-0.2405405443262409,0.6351351369474385,MN,20
-0.1384615401426951,0.6435897411444248,MO,20
-0.08500000201165676,0.625,MS,20
0.04999999950329463,0.40000000471870106,MT,20
-0.20357142921004973,0.7374999984832746,NC,20
-0.25,0.25,ND,20
-0.08571428858808107,0.7785714247397014,NE,20
-0.23571429241980826,0.5642857147114617,NH,20
-0.2072916697555532,0.6895833402716866,NJ,20
-0.06666666801486698,0.8809523695991153,NM,20
-0.21500000394880767,0.8900000035762787,NV,20
-0.12162162297365747,0.625868726104613,NY,20
-0.17619047718388695,0.6971428603643463,OH,20
-0.2700000045200189,0.6433333344757557,OK,20
-0.19824561607419397,0.6245614079791203,OR,20
-0.2698412727978494,0.7317460341349481,PA,20
-0.21111111756828094,0.488888896173901,RI,20
-0.09411764802301632,0.5705882332780782,SC,20
-0.30000001192092896,0.30000001192092896,SD,20
-0.2163636395877058,0.638181821866469,TN,20
-0.12777777882213268,0.6435897467801204,TX,20
-0.22500000381842256,0.7968750100117177,UT,20
-0.1957142871405397,0.6114285729825497,VA,20
-0.11666666840513548,0.7833333499729633,VT,20
-0.10988372252431026,0.6226744254141353,WA,20
-0.16600000336766246,0.7100000032782554,WI,20
-0.21428571322134565,0.3857142914618765,WY,20
-0.16331361075477488,0.707692310434474,AK,21
-0.15168141785976105,0.7231858439545715,AL,21
-0.1743827185789008,0.7438271637362095,AR,21
-0.17581475369542787,0.6876500890451271,AZ,21
-0.16031046556119674,0.6711766996794662,CA,21
-0.17801179669063033,0.6966301643406532,CO,21
-0.16409691858068434,0.6654185064563667,CT,21
-0.12750000022351746,0.4850000020116568,DC,21
-0.15000000258442014,0.6802083371051898,DE,21
-0.16018824945141175,0.6621979174704777,FL,21
-0.18488820549172444,0.7179645373498189,GA,21
-0.1382671501016789,0.703971120666726,HI,21
-0.14833703072134513,0.6745011115450816,IA,21
-0.13127572141557073,0.7193415663799141,ID,21
-0.16546341684533328,0.7102439067639955,IL,21
-0.14618784713646324,0.6802209962550447,IN,21
-0.11917404271112783,0.6825958737185923,KS,21
-0.16416084130744002,0.6984265760186461,KY,21
-0.16631799333078093,0.6759414264628328,LA,21
-0.1749357348140377,0.6840617004255249,MA,21
-0.12078978068494907,0.6797909449772968,MD,21
-0.14746543986525404,0.655529956268962,ME,21
-0.15416125006615264,0.7055266611084284,MI,21
-0.18482428409468632,0.6924920154336732,MN,21
-0.17509157722304156,0.6926739953813099,MO,21
-0.14247787770180576,0.6730088549047972,MS,21
-0.18627451320050975,0.6960784336004187,MT,21
-0.1871819984452132,0.6842465792033537,NC,21
-0.2000000016255812,0.5704545466737314,ND,21
-0.13834197031710432,0.5849740971169324,NE,21
-0.21102041115566172,0.7126530639979304,NH,21
-0.14988009809113614,0.6965627536403952,NJ,21
-0.14526749196857092,0.7065843631333284,NM,21
-0.18358209259919267,0.6901492570985609,NV,21
-0.11462745215524645,0.6313921597030233,NY,21
-0.1772343018969548,0.6986111156408481,OH,21
-0.184051726238224,0.6420258662888202,OK,21
-0.1927521026638501,0.6779411802412707,OR,21
-0.18616236380655388,0.7137453910994354,PA,21
-0.1111111141268223,0.6936507986651527,RI,21
-0.10986842216695086,0.7241228105859798,SC,21
-0.1609375000698492,0.7140625036554411,SD,21
-0.15268225790586892,0.6574965656992494,TN,21
-0.17050670500242882,0.6557373363059966,TX,21
-0.192447132687014,0.6719033272649947,UT,21
-0.16510067290663274,0.6987322912920242,VA,21
-0.12750000208616258,0.6508333368226886,VT,21
-0.11528178367514752,0.6430668447132505,WA,21
-0.13877551105557656,0.6985422762290034,WI,21
-0.14659091144461522,0.667045456695963,WY,21
-0.17736842338191836,0.7221052642323469,AK,22
-0.15125208950052674,0.6711185356113867,AL,22
-0.1904392792080416,0.6775193825479626,AR,22
-0.19357430016300287,0.6742971931954465,AZ,22
-0.16889845642336776,0.6377172038403307,CA,22
-0.16714072110365608,0.6615269491616302,CO,22
-0.18167330955426056,0.6581673346370814,CT,22
-0.22816901580548626,0.6014084552585239,DC,22
-0.16764706154079995,0.656862744915427,DE,22
-0.17238855883594786,0.644222668467313,FL,22
-0.165363987429617,0.6786206922540263,GA,22
-0.14281250229105352,0.6021875024307519,HI,22
-0.175050712774298,0.6397565978656676,IA,22
-0.19090909405188128,0.6836363686756655,ID,22
-0.17537912913829912,0.6905441604135932,IL,22
-0.1517786583145381,0.6425889354169723,IN,22
-0.13945312717502625,0.6736979192161622,KS,22
-0.1694256782758276,0.6189189212698791,KY,22
-0.17090239683183298,0.6508287341088659,LA,22
-0.17988827063717655,0.6234636902975637,MA,22
-0.124658973533797,0.6190975896881235,MD,22
-0.1814285741320678,0.674761905059928,ME,22
-0.17763833683759772,0.6594980070149633,MI,22
-0.16952264648172527,0.6210526351337042,MN,22
-0.18425324994635275,0.6581168882911662,MO,22
-0.19141104600272296,0.6739263824112942,MS,22
-0.16800000190734862,0.5996000056266785,MT,22
-0.17927333078878566,0.6444260969228925,NC,22
-0.2206521780108628,0.7489130471873543,ND,22
-0.10582010704215873,0.655026457218266,NE,22
-0.18859315873212235,0.6794676824327658,NH,22
-0.15003523845396216,0.6445384097559256,NJ,22
-0.2015290543983836,0.6262996983272949,NM,22
-0.17897436148845233,0.6769230795403322,NV,22
-0.11910169663570695,0.6406610201071885,NY,22
-0.17288935747472292,0.6697954934971396,OH,22
-0.17150735568857806,0.6693014732068953,OK,22
-0.18583474150571413,0.6407251287358506,OR,22
-0.1697274056534514,0.674031567218656,PA,22
-0.1483443740582624,0.7092715274813949,RI,22
-0.15035211549363506,0.6066901442450536,SC,22
-0.1649122832898508,0.7175438652435938,SD,22
-0.18043742690095052,0.6707168935842241,TN,22
-0.17178030582003748,0.6437121249170917,TX,22
-0.11828255108518945,0.6950138525578123,UT,22
-0.1691677202887523,0.6605926901430906,VA,22
-0.16068965751549294,0.586896556872746,VT,22
-0.11978976409099112,0.6231032937707233,WA,22
-0.18715486475149126,0.6687875183976713,WI,22
-0.14495413012187414,0.6651376200788611,WY,22
-0.20666667173306147,0.4933333372076352,AK,23
-0.23437500232830644,0.7937500039115548,AL,23
-0.12222222652700213,0.6222222306662135,AR,23
-0.2710144936606504,0.7000000015764997,AZ,23
-0.15162241988565367,0.6905604745961923,CA,23
-0.20188679475829285,0.7735849104399951,CO,23
-0.2444444467072133,0.7185185198430661,CT,23
-0.26666667064030963,0.4000000059604645,DC,23
0.10000000149011612,0.6333333402872086,DE,23
-0.155078127165325,0.6359375038882717,FL,23
-0.18554217161902464,0.8807228951748595,GA,23
-0.2000000019868215,0.7933333287636439,HI,23
-0.17428571603127888,0.7257142912064279,IA,23
-0.14285714605024882,0.5285714378669149,ID,23
-0.07037037114302318,0.600000003973643,IL,23
-0.13207547493138402,0.7509434040424958,IN,23
-0.1098039252500908,0.7137254974713513,KS,23
-0.14615384833170816,0.4307692326032199,KY,23
-0.15555555725263226,0.6555555597361591,LA,23
-0.26274509859435696,0.7901960738441524,MA,23
-0.07142857185431889,0.554285720203604,MD,23
-0.11875000037252904,0.5843750007916242,ME,23
-0.12222222314664613,0.7194444460587369,MI,23
-0.2405405443262409,0.6351351369474385,MN,23
-0.1384615401426951,0.6435897411444248,MO,23
-0.08500000201165676,0.625,MS,23
0.04999999950329463,0.40000000471870106,MT,23
-0.20357142921004973,0.7374999984832746,NC,23
-0.25,0.25,ND,23
-0.08571428858808107,0.7785714247397014,NE,23
-0.23571429241980826,0.5642857147114617,NH,23
-0.2072916697555532,0.6895833402716866,NJ,23
-0.06666666801486698,0.8809523695991153,NM,23
-0.21500000394880767,0.8900000035762787,NV,23
-0.12162162297365747,0.625868726104613,NY,23
-0.17619047718388695,0.6971428603643463,OH,23
-0.2700000045200189,0.6433333344757557,OK,23
-0.19824561607419397,0.6245614079791203,OR,23
-0.2698412727978494,0.7317460341349481,PA,23
-0.21111111756828094,0.488888896173901,RI,23
-0.09411764802301632,0.5705882332780782,SC,23
-0.30000001192092896,0.30000001192092896,SD,23
-0.2163636395877058,0.638181821866469,TN,23
-0.12777777882213268,0.6435897467801204,TX,23
-0.22500000381842256,0.7968750100117177,UT,23
-0.1957142871405397,0.6114285729825497,VA,23
-0.11666666840513548,0.7833333499729633,VT,23
-0.10988372252431026,0.6226744254141353,WA,23
-0.16600000336766246,0.7100000032782554,WI,23
-0.21428571322134565,0.3857142914618765,WY,23
-0.11686046711753967,0.7453488416883142,AK,24
-0.16354166804812847,0.6339583366333197,AL,24
-0.14537313564944626,0.6820895552857599,AR,24
-0.1763720952771431,0.7364651191858358,AZ,24
-0.15535365539155652,0.6713755403548165,CA,24
-0.14926022805396735,0.6927763309760961,CO,24
-0.1860986570639728,0.6798206301648253,CT,24
-0.17222222603029674,0.6555555595291985,DC,24
-0.16822916897945106,0.6270833366240064,DE,24
-0.16810140137641574,0.6623712733214815,FL,24
-0.15348101484310275,0.7199367121459311,GA,24
-0.15514403379257816,0.6238683169638669,HI,24
-0.1347826099347161,0.6554347850868235,IA,24
-0.1337777790758345,0.7097777802414365,ID,24
-0.16858316436256962,0.7367556495419885,IL,24
-0.12992700805701768,0.6972019496009008,IN,24
-0.15425824347351275,0.7414835184955826,KS,24
-0.15727612146857514,0.6294776153292007,KY,24
-0.1525925940753501,0.6553086459268759,LA,24
-0.1585768766634952,0.6944091499154722,MA,24
-0.16450809669747002,0.7063511862033331,MD,24
-0.1748520731705533,0.69467455964293,ME,24
-0.1538565645702637,0.6722598125520434,MI,24
-0.16107193433137135,0.6909732041179041,MN,24
-0.15038461749656842,0.6846153863204213,MO,24
-0.15851528506612153,0.6860262036128336,MS,24
-0.1479166690260172,0.7125000033993274,MT,24
-0.1595679033440327,0.7143004142943724,NC,24
-0.10851063975628386,0.6063829790404502,ND,24
-0.1144385052157596,0.6422459923806675,NE,24
-0.13515981752850695,0.6570776269928505,NH,24
-0.1500874142637932,0.6365384637293491,NJ,24
-0.1436681241838172,0.657205244664542,NM,24
-0.18695652358557868,0.7300000019047571,NV,24
-0.1302106334952079,0.6575727208611838,NY,24
-0.16002554504978705,0.6847381893911734,OH,24
-0.13667377580139936,0.6618336915556811,OK,24
-0.16297828548635052,0.7126163423770216,OR,24
-0.15932802983768002,0.6656056623230667,PA,24
-0.17290322843097872,0.6554838733807686,RI,24
-0.17036199267970492,0.7203619934079064,SC,24
-0.10754717113274448,0.5830188732383386,SD,24
-0.1886018261562546,0.7016717367734772,TN,24
-0.16078671066496852,0.6659662865635646,TX,24
-0.13134328523344954,0.6522388060980323,UT,24
-0.16369915769041635,0.6966999262079585,VA,24
-0.11203007680132873,0.7097744388239724,VT,24
-0.116478496163042,0.6375806480525963,WA,24
-0.16237288308093106,0.7076271211318041,WI,24
-0.1508474583595486,0.6949152522167917,WY,24
-0.12610837538254085,0.6596059125705893,AK,25
-0.17620528992236495,0.6653188225084664,AL,25
-0.18324742491174606,0.6597938181198749,AR,25
-0.17933765541335678,0.6475162024524591,AZ,25
-0.15915259561165535,0.6663751539463051,CA,25
-0.1826254849325736,0.6539768362079809,CO,25
-0.1655303050735683,0.6482954576301078,CT,25
-0.1000000001354651,0.6090909099262772,DC,25
-0.19525862237888164,0.6538793121882039,DE,25
-0.1656383218280389,0.6374873181543027,FL,25
-0.18186992120936635,0.6634146369085079,GA,25
-0.10894039835756188,0.6847682134649217,HI,25
-0.15282258223141393,0.6288306465702912,IA,25
-0.14700000122189522,0.6616666684299708,ID,25
-0.18147840780326693,0.6371262489734496,IL,25
-0.1633333354285269,0.6651515176049386,IN,25
-0.1513176169065596,0.6578363401197858,KS,25
-0.15332303184676208,0.6621329249494595,KY,25
-0.16553106427730205,0.6513026088834526,LA,25
-0.16695842703629113,0.6635667419945516,MA,25
-0.17385366095275415,0.6353170764300882,MD,25
-0.16551724372581506,0.653103452441336,ME,25
-0.16924766859040688,0.6515650774410044,MI,25
-0.16838791153818294,0.6275818662656945,MN,25
-0.1649331380606229,0.6543833612510035,MO,25
-0.1892086354037412,0.6273381313402876,MS,25
-0.17616822671528173,0.6490654245227854,MT,25
-0.1806225706109277,0.6698832712284786,NC,25
-0.1463768131275108,0.559420291064442,ND,25
-0.1673913063157512,0.5635869600607649,NE,25
-0.13511111272705925,0.6560000031524235,NH,25
-0.15308725048831645,0.6797315464973851,NJ,25
-0.1290220837064722,0.6504731877040035,NM,25
-0.15608465803599866,0.6809523850876503,NV,25
-0.12413418107106268,0.6220308283649567,NY,25
-0.16428571644204634,0.6504232836148095,OH,25
-0.18583618023086326,0.637372015292022,OK,25
-0.17286477115310173,0.6502669074860968,OR,25
-0.17388003277638325,0.6558845896406796,PA,25
-0.1494444471680456,0.7177777843342887,RI,25
-0.19966044426217347,0.6393887972386462,SC,25
-0.16144578598708992,0.6397590415484934,SD,25
-0.1910447786325839,0.6381663146303661,TN,25
-0.1757823151694674,0.6505345030938455,TX,25
-0.16710526550090626,0.6677631618651121,UT,25
-0.17667542976595255,0.6455979006127521,VA,25
-0.16993865192485005,0.7368098204395522,VT,25
-0.13365148799455812,0.6181892591749806,WA,25
-0.16116788553713013,0.6416058434295828,WI,25
-0.1815533992445585,0.7252427171011573,WY,25
-0.2014563145857413,0.6970873811074252,AK,26
-0.15906542255499653,0.625794395706921,AL,26
-0.2028169049133717,0.6676056378324267,AR,26
-0.17644306034570365,0.6847893947941743,AZ,26
-0.17325135926632446,0.6904663082113456,CA,26
-0.1879103304661685,0.6816653339587468,CO,26
-0.16809422052136325,0.6777301965644323,CT,26
-0.03749999888241291,0.6925000006332993,DC,26
-0.17500000184743988,0.6387755114357082,DE,26
-0.1908348482186668,0.6690789503949659,FL,26
-0.1824644573127018,0.6557661960898983,GA,26
-0.14255319263601135,0.5939716336099391,HI,26
-0.19626168429712268,0.6752336477495242,IA,26
-0.20562249311361927,0.7004016097410616,ID,26
-0.1718971651404145,0.6864361724030252,IL,26
-0.17172043250613314,0.7051612935559723,IN,26
-0.1796557143190657,0.6954616636201063,KS,26
-0.1762478508427098,0.6815834788801133,KY,26
-0.19776286661491568,0.6635346787021198,LA,26
-0.1925423750432871,0.682259889839396,MA,26
-0.1853348748289548,0.6642032365463072,MD,26
-0.1706051891964863,0.6688760842601916,ME,26
-0.17890428431257044,0.6635390456709589,MI,26
-0.17248841083768346,0.691190109267209,MN,26
-0.19600000236522067,0.6876363674889912,MO,26
-0.14235294341456656,0.6329411818116321,MS,26
-0.1743016784084576,0.671508381361735,MT,26
-0.1776658294458133,0.6765743108492854,NC,26
-0.15441176700679696,0.8147058886859346,ND,26
-0.1901639364863354,0.664480875383635,NE,26
-0.1655963314782589,0.6784403711010557,NH,26
-0.16616428236406192,0.6683496634764338,NJ,26
-0.14632353153737152,0.6691176473601338,NM,26
-0.19098143512753654,0.6944297106457326,NV,26
-0.1355995533749222,0.6377661597842283,NY,26
-0.17760416904153922,0.6770254648247458,OH,26
-0.20556660323861106,0.6749503023285515,OK,26
-0.18262056660608766,0.6916287563151398,OR,26
-0.17689741707971635,0.6912427050146189,PA,26
-0.1427536255315594,0.7079710159720718,RI,26
-0.20432331167945736,0.6954887249275931,SC,26
-0.16181818395853045,0.7163636413487521,SD,26
-0.1866666690020238,0.6659887029036964,TN,26
-0.18513822754234466,0.6650800274770589,TX,26
-0.15878136410614924,0.6630824424566761,UT,26
-0.19269819423473428,0.6853963868259886,VA,26
-0.17750000084439913,0.7191666705533862,VT,26
-0.13332259250655315,0.6412826331942802,WA,26
-0.19309816176951666,0.7108895725290652,WI,26
-0.20000000324319392,0.7152941205045756,WY,26
-0.15823529524838226,0.6358823572449824,AK,27
-0.16452763094143433,0.6565062407928779,AL,27
-0.17706185725239135,0.6528350540158367,AR,27
-0.15044534631706924,0.7041295578665578,AZ,27
-0.15049339545138965,0.6789764206053361,CA,27
-0.1442559771670593,0.6724749453532393,CO,27
-0.13280423521680176,0.66701940259185,CT,27
-0.13283582254132228,0.7268656730207045,DC,27
-0.14622641741385997,0.7004717004678722,DE,27
-0.16009434152675686,0.6809198140236988,FL,27
-0.1461028210868191,0.6656716445933527,GA,27
-0.16245353360379938,0.6784386647567429,HI,27
-0.16199575573395772,0.6906581767172317,IA,27
-0.17416666926195226,0.7416666684672236,ID,27
-0.1764444469941987,0.7278222267561488,IL,27
-0.12121871790734155,0.6882480979533269,IN,27
-0.12024965422452735,0.6481276040227668,KS,27
-0.1815602864198228,0.715780146208638,KY,27
-0.15564202533215865,0.6544747122704749,LA,27
-0.1497590376670102,0.6843373525214482,MA,27
-0.13519163884040786,0.6694541260011658,MD,27
-0.17824933952614866,0.6554376696006688,ME,27
-0.17576177471892654,0.6916205018882606,MI,27
-0.17121661983938882,0.6807121703240921,MN,27
-0.17803571637985965,0.6978571442621094,MO,27
-0.1619205317453833,0.6794702010537614,MS,27
-0.17511111312442354,0.6413333369294802,MT,27
-0.17952127897358955,0.7115248264084365,NC,27
-0.1409090921056993,0.7454545462899136,ND,27
-0.11758794160044972,0.6844221134131877,NE,27
-0.13217054425861485,0.6620155090047407,NH,27
-0.16619419056755866,0.6928419583258605,NJ,27
-0.17478632719980347,0.6555555595610386,NM,27
-0.1383753523689692,0.6840336167929221,NV,27
-0.10710142499026147,0.6497802807387809,NY,27
-0.15697143037404332,0.7006857168674469,OH,27
-0.15905660575009742,0.6511320790029922,OK,27
-0.16615067273993486,0.6869969083644042,OR,27
-0.17582861991808504,0.70291027049071,PA,27
-0.12631579115986824,0.587719300533073,RI,27
-0.1841209854346142,0.6627599286841535,SC,27
-0.16627907155211585,0.6500000015420969,SD,27
-0.17956469352148752,0.6870616715865383,TN,27
-0.15997608328557048,0.6973689480686368,TX,27
-0.14672897382410144,0.7071651123069529,UT,27
-0.15880231086223845,0.6854256889682053,VA,27
-0.1350318479594911,0.6853503220874793,VT,27
-0.1134802005030244,0.6505376371989061,WA,27
-0.1621987970815186,0.6563253044094666,WI,27
-0.20481927926281848,0.6999999980431005,WY,27
-0.16272189609221452,0.7337278129874601,AK,28
-0.17764084746825026,0.6281690177258471,AL,28
-0.19663608798740104,0.7262996960579438,AR,28
-0.18352941458716115,0.7089411804196881,AZ,28
-0.16999166187417816,0.6778315290410982,CA,28
-0.18805175317136666,0.6742009165692547,CO,28
-0.17764977194059828,0.6456221222946171,CT,28
-0.19180328093591284,0.6573770511590067,DC,28
-0.13648648815112072,0.6563063082998399,DE,28
-0.1796981868679106,0.6658806917809901,FL,28
-0.17358003652265067,0.6386402778314642,GA,28
-0.1643356668626095,0.6227272752073262,HI,28
-0.16471735088855435,0.6947368443825557,IA,28
-0.207916668864588,0.7195833338424563,ID,28
-0.17896200435458784,0.6623725691556489,IL,28
-0.145104512670646,0.6584158437890058,IN,28
-0.1550068611021068,0.7004115249455711,KS,28
-0.17897436113184334,0.7052991474031383,KY,28
-0.1797323159260914,0.6630975196198571,LA,28
-0.1815545264968601,0.6645011638146404,MA,28
-0.1594137557632087,0.6740699015314173,MD,28
-0.2072580670637469,0.6787634442049649,ME,28
-0.18034242466328335,0.7087507940446114,MI,28
-0.1880778615564616,0.6538929468578231,MN,28
-0.19671875225612892,0.7067187505657785,MO,28
-0.1872659196679512,0.6666666696803847,MS,28
-0.1780487828138398,0.6741463442037745,MT,28
-0.19552773101278625,0.6753130621861579,NC,28
-0.13484848414858186,0.8515151558500348,ND,28
-0.1443438935198935,0.6751131261635689,NE,28
-0.16929460873371338,0.6273858957765508,NH,28
-0.1523484871694536,0.649242427708073,NJ,28
-0.1783687964557333,0.6758865285796899,NM,28
-0.1853448302624212,0.7264367846836304,NV,28
-0.11330142024516612,0.6415284691401721,NY,28
-0.1853044519039521,0.6867096050046995,OH,28
-0.18167939231880287,0.6629771021201866,OK,28
-0.1804766294868248,0.6684692977260931,OR,28
-0.1802876504317758,0.7065143850135621,PA,28
-0.19463087543345134,0.7604026857438504,RI,28
-0.1626394072402144,0.6986988900873298,SC,28
-0.09305555570042796,0.5541666668529311,SD,28
-0.17919376069105802,0.6864759459103348,TN,28
-0.1803695633000819,0.6930260312085286,TX,28
-0.10584192566855256,0.6556701066158072,UT,28
-0.1645399618310925,0.6848220321017676,VA,28
-0.21197183220319346,0.7626760572614805,VT,28
-0.1217116077857448,0.6473622541442287,WA,28
-0.2093959755345479,0.683221479640311,WI,28
-0.19157894967417968,0.7652631562007101,WY,28
-0.12558139769663645,0.7122093062674584,AK,29
-0.14264972952824972,0.6219600747236322,AL,29
-0.20588235441535552,0.7176470618475886,AR,29
-0.17689422535900773,0.7120780216254691,AZ,29
-0.18646641023509994,0.6809593049871906,CA,29
-0.17915709006717834,0.69915709152989,CO,29
-0.14934498004973196,0.6807860308957152,CT,29
-0.08135593455221693,0.6322033912953684,DC,29
-0.17545454718849876,0.6177272755652666,DE,29
-0.17367697786219752,0.6860252034281811,FL,29
-0.1823378854364462,0.6894197984830613,GA,29
-0.1163424131703284,0.6953307404998211,HI,29
-0.14700544620111936,0.6989110746909399,IA,29
-0.17388059985615426,0.6503731365134912,ID,29
-0.1954177918192083,0.7242587623048343,IL,29
-0.16045816913543945,0.6932270941639921,IN,29
-0.1636363657704298,0.6566534952134169,KS,29
-0.19337539631015493,0.6883280768238408,KY,29
-0.16614173406984392,0.7177165364479925,LA,29
-0.17761021033966626,0.6967517420597669,MA,29
-0.16763754196248007,0.6765911563780831,MD,29
-0.1680851081654817,0.6522458659982568,ME,29
-0.1892812126380724,0.6709962208035389,MI,29
-0.1851444308847148,0.738789548080266,MN,29
-0.20350609961669985,0.663414637035713,MO,29
-0.17734375220607035,0.7230468768102583,MS,29
-0.23438914393272875,0.6877828099136978,MT,29
-0.17568282164009658,0.6722466994815461,NC,29
-0.14400000244379044,0.604000004529953,ND,29
-0.18663594717254287,0.6903225835155232,NE,29
-0.18346154042161428,0.6688461547860732,NH,29
-0.16752199628704453,0.6916422313925895,NJ,29
-0.21022727557768425,0.7257575783878565,NM,29
-0.16827794814938146,0.7383685827795472,NV,29
-0.11509338834787004,0.6495709266590687,NY,29
-0.1844101980037073,0.7077652667718097,OH,29
-0.18915441381635476,0.6784926502527121,OK,29
-0.19751152285645085,0.7138248882947429,OR,29
-0.206078270299796,0.6760199847914198,PA,29
-0.15219780344229478,0.7126373640865415,RI,29
-0.201535510467705,0.757389639094901,SC,29
-0.17000000210744995,0.675714287268264,SD,29
-0.17421686956322338,0.704578314999859,TN,29
-0.17581864190072846,0.6748320770588344,TX,29
-0.16151761594745848,0.6593495969203752,UT,29
-0.17090909295912945,0.6822895653922149,VA,29
-0.1722891596875277,0.8650602477501674,VT,29
-0.11131463148893517,0.6408532375671486,WA,29
-0.1846052652715068,0.7073684218584707,WI,29
-0.25555555724803314,0.7049382736469493,WY,29
-0.1727272746689392,0.7551515215725609,AK,30
-0.13596330457324282,0.7086238555951949,AL,30
-0.19402985349853535,0.6716417941028503,AR,30
-0.17768526457554096,0.747710244393567,AZ,30
-0.15055005672019964,0.6848184846841594,CA,30
-0.17421328827374047,0.729195807454782,CO,30
-0.17373737467057776,0.678181818458769,CT,30
-0.1096774209891596,0.6580645220894967,DC,30
-0.13371428753648484,0.7097142867956843,DE,30
-0.16036916546620647,0.6865906654761035,FL,30
-0.15682859951672914,0.6688359347671462,GA,30
-0.09076923292416793,0.6623076953566991,HI,30
-0.15745192465300745,0.6997596194895987,IA,30
-0.143049327548042,0.6511210789862235,ID,30
-0.16755725381511996,0.6815839721501329,IL,30
-0.11902748558662407,0.7145877422461676,IN,30
-0.12921174824053575,0.6602782095786777,KS,30
-0.15136268506884826,0.7083857443878736,KY,30
-0.14436274608049324,0.6889705903937712,LA,30
-0.17192755671360205,0.6711513602776021,MA,30
-0.15478589564036366,0.6561712877407332,MD,30
-0.1474164147552748,0.6820668726933039,ME,30
-0.1633821592409506,0.6869507356882889,MI,30
-0.1381074185852352,0.6833759625549511,MN,30
-0.17561436876908146,0.72646502949058,MO,30
-0.1417431206946526,0.6353211022161562,MS,30
-0.18702702876683827,0.669729734554484,MT,30
-0.1695111127230856,0.7072000034848849,NC,30
-0.0610169506931709,0.701694919269974,ND,30
-0.13000000110930868,0.7022222249044312,NE,30
-0.21698113453556905,0.7198113244167477,NH,30
-0.14036624334681375,0.7096337606821945,NJ,30
-0.18898305271641685,0.6847457641704102,NM,30
-0.14400000154972076,0.6852307714178012,NV,30
-0.10222343837865087,0.6586659405389313,NY,30
-0.16014449301521724,0.6983744756356196,OH,30
-0.15375302798739354,0.7273607758611225,OK,30
-0.1843782140656096,0.7251798586818444,OR,30
-0.1549481640058121,0.7105560824415461,PA,30
-0.19512195273385785,0.6487804890526989,RI,30
-0.17573839896024532,0.6869198347948775,SC,30
-0.19253731496743304,0.5044776171223441,SD,30
-0.1768982251188289,0.7213247206200498,TN,30
-0.16302107912281075,0.6963231878917865,TX,30
-0.13700000221530598,0.7546666703373194,UT,30
-0.14255814109315246,0.7103100796598335,VA,30
-0.18260869729346124,0.8666666720764361,VT,30
-0.10598529153462144,0.6631752503910646,WA,30
-0.15597920418043898,0.7350086692326817,WI,30
-0.20701754655231508,0.6842105263157895,WY,30
