date,state,tot_cases,new_case,tot_death,new_death
04/01/2020,CO,3342,376,80,11
04/02/2020,CO,3728,386,97,17
04/03/2020,CO,4173,445,111,14
04/04/2020,CO,4565,392,126,15
04/05/2020,CO,4950,385,140,14
04/06/2020,CO,5172,222,150,10
04/07/2020,CO,5429,257,179,29
04/08/2020,CO,5655,226,193,14
04/09/2020,CO,6202,547,226,33
04/10/2020,CO,6365,163,250,24
04/11/2020,CO,6893,528,274,24
04/12/2020,CO,7303,410,290,16
04/13/2020,CO,7691,388,308,18
04/14/2020,CO,7941,250,329,21
04/15/2020,CO,8280,339,357,28
04/16/2020,CO,8582,302,373,16
04/17/2020,CO,9047,465,391,18
04/18/2020,CO,9433,386,411,20
04/19/2020,CO,9634,201,421,10
04/20/2020,CO,10019,385,448,27
04/21/2020,CO,10368,349,485,37
04/22/2020,CO,10825,457,507,22
04/23/2020,CO,11182,357,551,44
04/24/2020,CO,12184,1002,672,121
04/25/2020,CO,12868,684,670,-2
04/26/2020,CO,13350,482,679,9
04/27/2020,CO,13798,448,706,27
04/28/2020,CO,14238,440,736,30
04/29/2020,CO,14675,437,766,30
04/30/2020,CO,15182,507,777,11
04/01/2020,FL,7495,1005,101,16
04/02/2020,FL,8694,1199,144,43
04/03/2020,FL,9925,1231,170,26
04/04/2020,FL,11173,1248,195,25
04/05/2020,FL,11961,788,221,26
04/06/2020,FL,13214,1253,254,33
04/07/2020,FL,14302,1088,296,42
04/08/2020,FL,15234,932,323,27
04/09/2020,FL,16323,1089,371,48
04/10/2020,FL,17448,1125,419,48
04/11/2020,FL,18445,997,446,27
04/12/2020,FL,19337,892,461,15
04/13/2020,FL,20394,1057,499,38
04/14/2020,FL,20984,590,571,72
04/15/2020,FL,21865,881,614,43
04/16/2020,FL,22674,809,668,54
04/17/2020,FL,24066,1392,726,58
04/18/2020,FL,24797,731,748,22
04/19/2020,FL,25598,801,774,26
04/20/2020,FL,26329,731,823,49
04/21/2020,FL,27127,798,867,44
04/22/2020,FL,27791,664,927,60
04/23/2020,FL,28843,1052,987,60
04/24/2020,FL,29707,864,1046,59
04/25/2020,FL,29996,289,1055,9
04/26/2020,FL,30680,684,1074,19
04/27/2020,FL,31290,610,1088,14
04/28/2020,FL,31986,696,1171,83
04/29/2020,FL,32318,332,1218,47
04/30/2020,FL,33690,1372,1268,50
04/01/2020,AZ,1413,124,29,5
04/02/2020,AZ,1598,185,32,3
04/03/2020,AZ,1769,171,41,9
04/04/2020,AZ,2019,250,52,11
04/05/2020,AZ,2269,250,64,12
04/06/2020,AZ,2456,187,65,1
04/07/2020,AZ,2575,119,73,8
04/08/2020,AZ,2726,151,80,7
04/09/2020,AZ,3018,292,89,9
04/10/2020,AZ,3112,94,97,8
04/11/2020,AZ,3393,281,108,11
04/12/2020,AZ,3539,146,115,7
04/13/2020,AZ,3702,163,122,7
04/14/2020,AZ,3806,104,131,9
04/15/2020,AZ,3962,156,142,11
04/16/2020,AZ,4234,272,150,8
04/17/2020,AZ,4507,273,169,19
04/18/2020,AZ,4719,212,177,8
04/19/2020,AZ,4929,210,184,7
04/20/2020,AZ,5064,135,187,3
04/21/2020,AZ,5251,187,208,21
04/22/2020,AZ,5459,208,229,21
04/23/2020,AZ,5769,310,249,20
04/24/2020,AZ,6045,276,266,17
04/25/2020,AZ,6280,235,273,7
04/26/2020,AZ,6526,246,275,2
04/27/2020,AZ,6716,190,275,0
04/28/2020,AZ,6948,232,293,18
04/29/2020,AZ,7202,254,254,-39
04/30/2020,AZ,7648,446,320,66
04/01/2020,SC,1293,210,26,4
04/02/2020,SC,1554,261,31,5
04/03/2020,SC,1700,146,34,3
04/04/2020,SC,1917,217,40,6
04/05/2020,SC,2049,132,44,4
04/06/2020,SC,2232,183,48,4
04/07/2020,SC,2417,185,51,3
04/08/2020,SC,2552,135,63,12
04/09/2020,SC,2792,240,67,4
04/10/2020,SC,3065,273,72,5
04/11/2020,SC,3207,142,80,8
04/12/2020,SC,3319,112,82,2
04/13/2020,SC,3439,120,87,5
04/14/2020,SC,3553,114,97,10
04/15/2020,SC,3656,103,107,10
04/16/2020,SC,3931,275,109,2
04/17/2020,SC,4086,155,116,7
04/18/2020,SC,4246,160,119,3
04/19/2020,SC,4377,131,120,1
04/20/2020,SC,4439,62,124,4
04/21/2020,SC,4608,169,135,11
04/22/2020,SC,4761,153,140,5
04/23/2020,SC,4917,156,150,10
04/24/2020,SC,5070,153,157,7
04/25/2020,SC,5253,183,166,9
04/26/2020,SC,5490,237,174,8
04/27/2020,SC,5613,123,177,3
04/28/2020,SC,5735,122,192,15
04/29/2020,SC,5881,146,203,11
04/30/2020,SC,6095,214,244,41
04/01/2020,CT,3557,429,85,16
04/02/2020,CT,3824,267,112,27
04/03/2020,CT,4915,1091,132,20
04/04/2020,CT,5276,361,165,33
04/05/2020,CT,5675,399,189,24
04/06/2020,CT,6906,1231,206,17
04/07/2020,CT,7781,875,277,71
04/08/2020,CT,8781,1000,335,58
04/09/2020,CT,9784,1003,380,45
04/10/2020,CT,10131,347,444,64
04/11/2020,CT,11510,1379,494,50
04/12/2020,CT,12035,525,554,60
04/13/2020,CT,13381,1346,602,48
04/14/2020,CT,13989,608,608,6
04/15/2020,CT,14755,766,868,260
04/16/2020,CT,15884,1129,971,103
04/17/2020,CT,16809,925,1036,65
04/18/2020,CT,17550,741,1086,50
04/19/2020,CT,17962,412,1127,41
04/20/2020,CT,19815,1853,1331,204
04/21/2020,CT,20360,545,1423,92
04/22/2020,CT,22469,2109,1544,121
04/23/2020,CT,23100,631,1639,95
04/24/2020,CT,23921,821,1764,125
04/25/2020,CT,24582,661,1862,98
04/26/2020,CT,25269,687,1924,62
04/27/2020,CT,25997,728,2012,88
04/28/2020,CT,26312,315,2089,77
04/29/2020,CT,26767,455,2168,79
04/30/2020,CT,27700,933,2257,89
04/01/2020,NE,214,37,4,1
04/02/2020,NE,255,41,5,1
04/03/2020,NE,285,30,6,1
04/04/2020,NE,323,38,8,2
04/05/2020,NE,367,44,8,0
04/06/2020,NE,412,45,8,0
04/07/2020,NE,478,66,10,2
04/08/2020,NE,523,45,14,4
04/09/2020,NE,577,54,15,1
04/10/2020,NE,648,71,17,2
04/11/2020,NE,704,56,17,0
04/12/2020,NE,814,110,17,0
04/13/2020,NE,871,57,18,1
04/14/2020,NE,901,30,20,2
04/15/2020,NE,952,51,21,1
04/16/2020,NE,1066,114,24,3
04/17/2020,NE,1138,72,24,0
04/18/2020,NE,1287,149,28,4
04/19/2020,NE,1474,187,28,0
04/20/2020,NE,1648,174,33,5
04/21/2020,NE,1722,74,38,5
04/22/2020,NE,1813,91,42,4
04/23/2020,NE,2124,311,47,5
04/24/2020,NE,2421,297,50,3
04/25/2020,NE,2732,311,53,3
04/26/2020,NE,3028,296,56,3
04/27/2020,NE,3358,330,55,-1
04/28/2020,NE,3374,16,55,0
04/29/2020,NE,3784,410,68,13
04/30/2020,NE,4281,497,70,2
04/01/2020,KY,680,89,20,2
04/02/2020,KY,770,90,31,11
04/03/2020,KY,831,61,37,6
04/04/2020,KY,917,86,40,3
04/05/2020,KY,955,38,45,5
04/06/2020,KY,1008,53,59,14
04/07/2020,KY,1149,141,65,6
04/08/2020,KY,1346,197,73,8
04/09/2020,KY,1452,106,79,6
04/10/2020,KY,1693,241,90,11
04/11/2020,KY,1840,147,94,4
04/12/2020,KY,1963,123,97,3
04/13/2020,KY,2048,85,104,7
04/14/2020,KY,2210,162,115,11
04/15/2020,KY,2291,81,122,7
04/16/2020,KY,2429,138,129,7
04/17/2020,KY,2522,93,137,8
04/18/2020,KY,2707,185,144,7
04/19/2020,KY,2960,253,148,4
04/20/2020,KY,3050,90,154,6
04/21/2020,KY,3192,142,171,17
04/22/2020,KY,3373,181,185,14
04/23/2020,KY,3481,108,191,6
04/24/2020,KY,3779,298,200,9
04/25/2020,KY,3905,126,205,5
04/26/2020,KY,4074,169,208,3
04/27/2020,KY,4146,72,213,5
04/28/2020,KY,4375,229,225,12
04/29/2020,KY,4539,164,235,10
04/30/2020,KY,4708,169,240,5
04/01/2020,WY,137,17,0,0
04/02/2020,WY,150,13,0,0
04/03/2020,WY,166,16,0,0
04/04/2020,WY,187,21,0,0
04/05/2020,WY,200,13,0,0
04/06/2020,WY,212,12,0,0
04/07/2020,WY,221,9,0,0
04/08/2020,WY,230,9,0,0
04/09/2020,WY,239,9,0,0
04/10/2020,WY,253,14,0,0
04/11/2020,WY,261,8,0,0
04/12/2020,WY,270,9,0,0
04/13/2020,WY,373,103,1,1
04/14/2020,WY,494,121,1,0
04/15/2020,WY,393,-101,2,1
04/16/2020,WY,401,8,2,0
04/17/2020,WY,412,11,2,0
04/18/2020,WY,423,11,2,0
04/19/2020,WY,426,3,2,0
04/20/2020,WY,428,2,2,0
04/21/2020,WY,441,13,6,4
04/22/2020,WY,447,6,6,0
04/23/2020,WY,453,6,7,1
04/24/2020,WY,473,20,7,0
04/25/2020,WY,491,18,7,0
04/26/2020,WY,502,11,7,0
04/27/2020,WY,520,18,7,0
04/28/2020,WY,536,16,7,0
04/29/2020,WY,544,8,7,0
04/30/2020,WY,559,15,7,0
04/01/2020,IA,549,52,9,2
04/02/2020,IA,614,65,11,2
04/03/2020,IA,699,85,11,0
04/04/2020,IA,786,87,14,3
04/05/2020,IA,868,82,22,8
04/06/2020,IA,946,78,25,3
04/07/2020,IA,1048,102,26,1
04/08/2020,IA,1145,97,27,1
04/09/2020,IA,1270,125,29,2
04/10/2020,IA,1388,118,31,2
04/11/2020,IA,1510,122,34,3
04/12/2020,IA,1587,77,41,7
04/13/2020,IA,1710,123,43,2
04/14/2020,IA,1899,189,49,6
04/15/2020,IA,1995,96,53,4
04/16/2020,IA,2141,146,60,7
04/17/2020,IA,2332,191,64,4
04/18/2020,IA,2513,181,74,10
04/19/2020,IA,2902,389,75,1
04/20/2020,IA,3159,257,79,4
04/21/2020,IA,3641,482,83,4
04/22/2020,IA,3748,107,90,7
04/23/2020,IA,3924,176,96,6
04/24/2020,IA,4445,521,107,11
04/25/2020,IA,5092,647,112,5
04/26/2020,IA,5475,383,118,6
04/27/2020,IA,5868,393,127,9
04/28/2020,IA,6376,508,136,9
04/29/2020,IA,6843,467,148,12
04/30/2020,IA,7145,302,162,14
04/01/2020,NM,363,48,6,1
04/02/2020,NM,403,40,7,1
04/03/2020,NM,495,92,10,3
04/04/2020,NM,543,48,11,1
04/05/2020,NM,624,81,12,1
04/06/2020,NM,686,62,12,0
04/07/2020,NM,794,108,13,1
04/08/2020,NM,865,71,16,3
04/09/2020,NM,989,124,17,1
04/10/2020,NM,1091,102,19,2
04/11/2020,NM,1174,83,20,1
04/12/2020,NM,1245,71,26,6
04/13/2020,NM,1345,100,31,5
04/14/2020,NM,1407,62,36,5
04/15/2020,NM,1484,77,36,0
04/16/2020,NM,1597,113,44,8
04/17/2020,NM,1711,114,51,7
04/18/2020,NM,1798,87,53,2
04/19/2020,NM,1845,47,55,2
04/20/2020,NM,1971,126,58,3
04/21/2020,NM,2072,101,65,7
04/22/2020,NM,2210,138,71,6
04/23/2020,NM,2379,169,78,7
04/24/2020,NM,2521,142,84,6
04/25/2020,NM,2660,139,93,9
04/26/2020,NM,2726,66,99,6
04/27/2020,NM,2823,97,104,5
04/28/2020,NM,2974,151,110,6
04/29/2020,NM,3213,239,112,2
04/30/2020,NM,3411,198,123,11
04/01/2020,ND,147,21,3,0
04/02/2020,ND,159,12,3,0
04/03/2020,ND,173,14,3,0
04/04/2020,ND,186,13,3,0
04/05/2020,ND,207,21,3,0
04/06/2020,ND,225,18,3,0
04/07/2020,ND,237,12,4,1
04/08/2020,ND,251,14,4,0
04/09/2020,ND,269,18,5,1
04/10/2020,ND,278,9,6,1
04/11/2020,ND,293,15,7,1
04/12/2020,ND,308,15,8,1
04/13/2020,ND,331,23,8,0
04/14/2020,ND,341,10,9,1
04/15/2020,ND,365,24,9,0
04/16/2020,ND,393,28,9,0
04/17/2020,ND,439,46,9,0
04/18/2020,ND,528,89,9,0
04/19/2020,ND,585,57,10,1
04/20/2020,ND,627,42,13,3
04/21/2020,ND,644,17,13,0
04/22/2020,ND,679,35,14,1
04/23/2020,ND,709,30,15,1
04/24/2020,ND,748,39,15,0
04/25/2020,ND,803,55,16,1
04/26/2020,ND,867,64,17,1
04/27/2020,ND,942,75,19,2
04/28/2020,ND,991,49,19,0
04/29/2020,ND,1033,42,19,0
04/30/2020,ND,1067,34,19,0
04/01/2020,WA,5319,423,246,51
04/02/2020,WA,5683,364,261,15
04/03/2020,WA,6966,1283,284,23
04/04/2020,WA,7591,625,310,26
04/05/2020,WA,6973,-618,337,27
04/06/2020,WA,7318,345,371,34
04/07/2020,WA,8682,1364,394,23
04/08/2020,WA,9097,415,420,26
04/09/2020,WA,9608,511,445,25
04/10/2020,WA,9887,279,475,30
04/11/2020,WA,10224,337,491,16
04/12/2020,WA,10411,187,508,17
04/13/2020,WA,10538,127,508,0
04/14/2020,WA,10694,156,546,38
04/15/2020,WA,10783,89,567,21
04/16/2020,WA,11152,369,583,16
04/17/2020,WA,11445,293,603,20
04/18/2020,WA,11802,357,624,21
04/19/2020,WA,11790,-12,635,11
04/20/2020,WA,12085,295,652,17
04/21/2020,WA,12282,197,682,30
04/22/2020,WA,12494,212,692,10
04/23/2020,WA,12753,259,711,19
04/24/2020,WA,12977,224,723,12
04/25/2020,WA,13319,342,738,15
04/26/2020,WA,13521,202,749,11
04/27/2020,WA,13686,165,765,16
04/28/2020,WA,13842,156,786,21
04/29/2020,WA,14070,228,801,15
04/30/2020,WA,14327,257,814,13
04/01/2020,RMI,0,0,0,0
04/02/2020,RMI,0,0,0,0
04/03/2020,RMI,0,0,0,0
04/04/2020,RMI,0,0,0,0
04/05/2020,RMI,0,0,0,0
04/06/2020,RMI,0,0,0,0
04/07/2020,RMI,0,0,0,0
04/08/2020,RMI,0,0,0,0
04/09/2020,RMI,0,0,0,0
04/10/2020,RMI,0,0,0,0
04/11/2020,RMI,0,0,0,0
04/12/2020,RMI,0,0,0,0
04/13/2020,RMI,0,0,0,0
04/14/2020,RMI,0,0,0,0
04/15/2020,RMI,0,0,0,0
04/16/2020,RMI,0,0,0,0
04/17/2020,RMI,0,0,0,0
04/18/2020,RMI,0,0,0,0
04/19/2020,RMI,0,0,0,0
04/20/2020,RMI,0,0,0,0
04/21/2020,RMI,0,0,0,0
04/22/2020,RMI,0,0,0,0
04/23/2020,RMI,0,0,0,0
04/24/2020,RMI,0,0,0,0
04/25/2020,RMI,0,0,0,0
04/26/2020,RMI,0,0,0,0
04/27/2020,RMI,0,0,0,0
04/28/2020,RMI,0,0,0,0
04/29/2020,RMI,0,0,0,0
04/30/2020,RMI,0,0,0,0
04/01/2020,TN,2240,1,23,0
04/02/2020,TN,2845,605,32,9
04/03/2020,TN,2880,35,36,4
04/04/2020,TN,3103,223,42,6
04/05/2020,TN,3633,530,44,2
04/06/2020,TN,3803,170,65,21
04/07/2020,TN,4139,336,72,7
04/08/2020,TN,4362,223,79,7
04/09/2020,TN,4635,273,94,15
04/10/2020,TN,4863,228,98,4
04/11/2020,TN,4863,0,100,2
04/12/2020,TN,5308,445,101,1
04/13/2020,TN,5610,302,109,8
04/14/2020,TN,5823,213,124,15
04/15/2020,TN,5836,13,134,10
04/16/2020,TN,6262,426,141,7
04/17/2020,TN,6330,68,141,0
04/18/2020,TN,6763,433,145,4
04/19/2020,TN,6796,33,147,2
04/20/2020,TN,7239,443,152,5
04/21/2020,TN,7394,155,157,5
04/22/2020,TN,7572,178,165,8
04/23/2020,TN,8281,709,170,5
04/24/2020,TN,8742,461,168,-2
04/25/2020,TN,8882,140,176,8
04/26/2020,TN,9698,816,181,5
04/27/2020,TN,9952,254,184,3
04/28/2020,TN,10087,135,188,4
04/29/2020,TN,10132,45,192,4
04/30/2020,TN,10735,603,199,7
04/01/2020,AS,0,0,0,0
04/02/2020,AS,0,0,0,0
04/03/2020,AS,0,0,0,0
04/04/2020,AS,0,0,0,0
04/05/2020,AS,0,0,0,0
04/06/2020,AS,0,0,0,0
04/07/2020,AS,0,0,0,0
04/08/2020,AS,0,0,0,0
04/09/2020,AS,0,0,0,0
04/10/2020,AS,0,0,0,0
04/11/2020,AS,0,0,0,0
04/12/2020,AS,0,0,0,0
04/13/2020,AS,0,0,0,0
04/14/2020,AS,0,0,0,0
04/15/2020,AS,0,0,0,0
04/16/2020,AS,0,0,0,0
04/17/2020,AS,0,0,0,0
04/18/2020,AS,0,0,0,0
04/19/2020,AS,0,0,0,0
04/20/2020,AS,0,0,0,0
04/21/2020,AS,0,0,0,0
04/22/2020,AS,0,0,0,0
04/23/2020,AS,0,0,0,0
04/24/2020,AS,0,0,0,0
04/25/2020,AS,0,0,0,0
04/26/2020,AS,0,0,0,0
04/27/2020,AS,0,0,0,0
04/28/2020,AS,0,0,0,0
04/29/2020,AS,0,0,0,0
04/30/2020,AS,0,0,0,0
04/01/2020,MA,7738,1118,122,33
04/02/2020,MA,8966,1228,154,32
04/03/2020,MA,10402,1436,192,38
04/04/2020,MA,11736,1334,216,24
04/05/2020,MA,12500,764,231,15
04/06/2020,MA,13837,1337,260,29
04/07/2020,MA,15202,1365,356,96
04/08/2020,MA,16567,1365,433,77
04/09/2020,MA,18941,2374,503,70
04/10/2020,MA,20845,1904,599,96
04/11/2020,MA,23918,3073,692,93
04/12/2020,MA,25475,1557,756,64
04/13/2020,MA,26867,1392,844,88
04/14/2020,MA,28163,1296,957,113
04/15/2020,MA,29918,1755,1108,151
04/16/2020,MA,32181,2263,1245,137
04/17/2020,MA,34402,2221,1404,159
04/18/2020,MA,36372,1970,1560,156
04/19/2020,MA,38077,1705,1706,146
04/20/2020,MA,39643,1566,1809,103
04/21/2020,MA,41199,1556,1961,152
04/22/2020,MA,42944,1745,2182,221
04/23/2020,MA,46023,3079,2360,178
04/24/2020,MA,50969,4946,2556,196
04/25/2020,MA,53348,2379,2730,174
04/26/2020,MA,54938,1590,2899,169
04/27/2020,MA,56462,1524,3003,104
04/28/2020,MA,58302,1840,3153,150
04/29/2020,MA,60265,1963,3405,252
04/30/2020,MA,62205,1940,3562,157
04/01/2020,PA,5805,962,74,11
04/02/2020,PA,7016,1211,90,16
04/03/2020,PA,8421,1405,102,12
04/04/2020,PA,10017,1596,136,34
04/05/2020,PA,11510,1493,150,14
04/06/2020,PA,12980,1470,162,12
04/07/2020,PA,14559,1579,240,78
04/08/2020,PA,16239,1680,310,70
04/09/2020,PA,18228,1989,338,28
04/10/2020,PA,19980,1752,416,78
04/11/2020,PA,21656,1676,494,78
04/12/2020,PA,22833,1177,507,13
04/13/2020,PA,24199,1366,524,17
04/14/2020,PA,25345,1146,584,60
04/15/2020,PA,26490,1145,647,63
04/16/2020,PA,27735,1245,707,60
04/17/2020,PA,29442,1707,756,49
04/18/2020,PA,31070,1628,836,80
04/19/2020,PA,32284,1214,1112,276
04/20/2020,PA,33232,948,1204,92
04/21/2020,PA,34528,1296,1564,360
04/22/2020,PA,35684,1156,1622,58
04/23/2020,PA,37053,1369,1421,-201
04/24/2020,PA,38652,1599,1492,71
04/25/2020,PA,40049,1397,1537,45
04/26/2020,PA,41165,1116,1550,13
04/27/2020,PA,42050,885,1597,47
04/28/2020,PA,43264,1214,1716,119
04/29/2020,PA,44366,1102,2195,479
04/30/2020,PA,45763,1397,2292,97
04/01/2020,OH,2547,348,65,10
04/02/2020,OH,2902,355,81,16
04/03/2020,OH,3312,410,91,10
04/04/2020,OH,3739,427,102,11
04/05/2020,OH,4043,304,119,17
04/06/2020,OH,4450,407,142,23
04/07/2020,OH,4782,332,167,25
04/08/2020,OH,5148,366,193,26
04/09/2020,OH,5512,364,213,20
04/10/2020,OH,5878,366,231,18
04/11/2020,OH,6250,372,247,16
04/12/2020,OH,6518,268,248,1
04/13/2020,OH,6975,457,268,20
04/14/2020,OH,7280,305,324,56
04/15/2020,OH,7791,511,361,37
04/16/2020,OH,8414,623,389,28
04/17/2020,OH,9107,693,418,29
04/18/2020,OH,10222,1115,451,33
04/19/2020,OH,11602,1380,471,20
04/20/2020,OH,12919,1317,509,38
04/21/2020,OH,13725,806,557,48
04/22/2020,OH,14117,392,610,53
04/23/2020,OH,14694,577,656,46
04/24/2020,OH,15169,475,690,34
04/25/2020,OH,15587,418,711,21
04/26/2020,OH,15963,376,728,17
04/27/2020,OH,16325,362,753,25
04/28/2020,OH,16769,444,799,46
04/29/2020,OH,17303,534,937,138
04/30/2020,OH,18027,724,975,38
04/01/2020,NYC,48462,6691,1397,301
04/02/2020,NYC,49707,1245,1562,165
04/03/2020,NYC,56289,6582,1867,305
04/04/2020,NYC,60850,4561,2254,387
04/05/2020,NYC,64955,4105,2472,218
04/06/2020,NYC,68776,3821,2738,266
04/07/2020,NYC,76876,8100,4111,1373
04/08/2020,NYC,81803,4927,4695,584
04/09/2020,NYC,84163,2360,5664,969
04/10/2020,NYC,92756,8593,5820,156
04/11/2020,NYC,98308,5552,6367,547
04/12/2020,NYC,103208,4900,6719,352
04/13/2020,NYC,106813,3605,6182,-537
04/14/2020,NYC,110091,3278,6640,458
04/15/2020,NYC,116073,5982,11225,4585
04/16/2020,NYC,117565,1492,11477,252
04/17/2020,NYC,122148,4583,12199,722
04/18/2020,NYC,128022,5874,12712,513
04/19/2020,NYC,129788,1766,13240,528
04/20/2020,NYC,134874,5086,14427,1187
04/21/2020,NYC,138435,3561,14996,569
04/22/2020,NYC,138435,0,14996,0
04/23/2020,NYC,146139,7704,15848,852
04/24/2020,NYC,146139,0,15848,0
04/25/2020,NYC,150576,4437,16270,422
04/26/2020,NYC,153204,2628,16673,403
04/27/2020,NYC,156100,2896,16936,263
04/28/2020,NYC,157713,1613,17215,279
04/29/2020,NYC,159865,2152,17589,374
04/30/2020,NYC,162212,2347,17866,277
04/01/2020,VA,1706,222,41,7
04/02/2020,VA,2012,306,46,5
04/03/2020,VA,2012,0,46,0
04/04/2020,VA,2407,395,52,6
04/05/2020,VA,2878,471,54,2
04/06/2020,VA,3333,455,63,9
04/07/2020,VA,3645,312,75,12
04/08/2020,VA,4042,397,109,34
04/09/2020,VA,4509,467,121,12
04/10/2020,VA,4509,0,121,0
04/11/2020,VA,5077,568,130,9
04/12/2020,VA,5747,670,149,19
04/13/2020,VA,6171,424,154,5
04/14/2020,VA,6500,329,195,41
04/15/2020,VA,6889,389,208,13
04/16/2020,VA,7491,602,231,23
04/17/2020,VA,8053,562,231,0
04/18/2020,VA,8053,0,258,27
04/19/2020,VA,8990,937,300,42
04/20/2020,VA,9630,640,324,24
04/21/2020,VA,9630,0,324,0
04/22/2020,VA,10998,1368,372,48
04/23/2020,VA,11594,596,410,38
04/24/2020,VA,12366,772,436,26
04/25/2020,VA,12366,0,436,0
04/26/2020,VA,13535,1169,458,22
04/27/2020,VA,14339,804,492,34
04/28/2020,VA,14961,622,522,30
04/29/2020,VA,15846,885,552,30
04/30/2020,VA,16901,1055,581,29
04/01/2020,MI,9334,1719,337,78
04/02/2020,MI,10791,1457,417,80
04/03/2020,MI,12670,1879,478,61
04/04/2020,MI,14225,1555,540,62
04/05/2020,MI,15718,1493,617,77
04/06/2020,MI,17221,1503,727,110
04/07/2020,MI,18970,1749,845,118
04/08/2020,MI,20346,1376,959,114
04/09/2020,MI,21504,1158,1076,117
04/10/2020,MI,22562,1058,1278,202
04/11/2020,MI,23853,1291,1391,113
04/12/2020,MI,24638,785,1487,96
04/13/2020,MI,25635,997,1602,115
04/14/2020,MI,27001,1366,1768,166
04/15/2020,MI,28059,1058,1921,153
04/16/2020,MI,29263,1204,2093,172
04/17/2020,MI,29952,689,2226,133
04/18/2020,MI,30717,765,2307,81
04/19/2020,MI,31424,707,2391,84
04/20/2020,MI,32000,576,2468,77
04/21/2020,MI,32967,967,2700,232
04/22/2020,MI,33966,999,2813,113
04/23/2020,MI,35291,1325,2977,164
04/24/2020,MI,36627,1336,3084,107
04/25/2020,MI,37184,557,3273,189
04/26/2020,MI,37778,594,3315,42
04/27/2020,MI,38210,432,3407,92
04/28/2020,MI,39262,1052,3567,160
04/29/2020,MI,40399,1137,3670,103
04/30/2020,MI,41379,980,3789,119
04/01/2020,AL,1106,107,17,4
04/02/2020,AL,1270,164,17,0
04/03/2020,AL,1535,265,21,4
04/04/2020,AL,1633,98,26,5
04/05/2020,AL,1841,208,31,5
04/06/2020,AL,2006,165,32,1
04/07/2020,AL,2197,191,39,7
04/08/2020,AL,2499,302,48,9
04/09/2020,AL,2838,339,48,0
04/10/2020,AL,3008,170,58,10
04/11/2020,AL,3262,254,60,2
04/12/2020,AL,3583,321,61,1
04/13/2020,AL,3803,220,62,1
04/14/2020,AL,3953,150,73,11
04/15/2020,AL,4241,288,75,2
04/16/2020,AL,4404,163,82,7
04/17/2020,AL,4572,168,96,14
04/18/2020,AL,4723,151,113,17
04/19/2020,AL,4946,223,165,52
04/20/2020,AL,5424,478,147,-18
04/21/2020,AL,5668,244,180,33
04/22/2020,AL,5831,163,187,7
04/23/2020,AL,6071,240,198,11
04/24/2020,AL,6026,-45,209,11
04/25/2020,AL,6213,187,213,4
04/26/2020,AL,6627,414,220,7
04/27/2020,AL,6539,-88,228,8
04/28/2020,AL,6947,408,243,15
04/29/2020,AL,7105,158,260,17
04/30/2020,AL,7306,201,280,20
04/01/2020,MS,1177,104,26,4
04/02/2020,MS,1358,181,29,3
04/03/2020,MS,1358,0,29,0
04/04/2020,MS,1455,97,35,6
04/05/2020,MS,1738,283,51,16
04/06/2020,MS,1915,177,59,8
04/07/2020,MS,2003,88,67,8
04/08/2020,MS,2260,257,76,9
04/09/2020,MS,2469,209,82,6
04/10/2020,MS,2469,0,82,0
04/11/2020,MS,2642,173,93,11
04/12/2020,MS,2942,300,98,5
04/13/2020,MS,3087,145,111,13
04/14/2020,MS,3360,273,122,11
04/15/2020,MS,3624,264,129,7
04/16/2020,MS,3793,169,140,11
04/17/2020,MS,3793,0,140,0
04/18/2020,MS,3974,181,152,12
04/19/2020,MS,4512,538,169,17
04/20/2020,MS,4716,204,183,14
04/21/2020,MS,4716,0,183,0
04/22/2020,MS,5153,437,201,18
04/23/2020,MS,5434,281,209,8
04/24/2020,MS,5434,0,209,0
04/25/2020,MS,5718,284,221,12
04/26/2020,MS,6094,376,229,8
04/27/2020,MS,6342,248,239,10
04/28/2020,MS,6569,227,250,11
04/29/2020,MS,6569,0,250,0
04/30/2020,MS,7212,643,282,32
04/01/2020,GA,4806,570,154,24
04/02/2020,GA,5443,637,176,22
04/03/2020,GA,5931,488,198,22
04/04/2020,GA,6353,422,208,10
04/05/2020,GA,6649,296,219,11
04/06/2020,GA,7388,739,319,100
04/07/2020,GA,8950,1562,351,32
04/08/2020,GA,10080,1130,371,20
04/09/2020,GA,10693,613,413,42
04/10/2020,GA,11627,934,420,7
04/11/2020,GA,12046,419,432,12
04/12/2020,GA,12203,157,447,15
04/13/2020,GA,13289,1086,481,34
04/14/2020,GA,14133,844,526,45
04/15/2020,GA,14819,686,579,53
04/16/2020,GA,15808,989,624,45
04/17/2020,GA,16716,908,661,37
04/18/2020,GA,17068,352,670,9
04/19/2020,GA,17573,505,691,21
04/20/2020,GA,18416,843,782,91
04/21/2020,GA,19028,612,821,39
04/22/2020,GA,19925,897,838,17
04/23/2020,GA,20856,931,873,35
04/24/2020,GA,21537,681,899,26
04/25/2020,GA,22223,686,897,-2
04/26/2020,GA,22494,271,912,15
04/27/2020,GA,23268,774,944,32
04/28/2020,GA,23850,582,1025,81
04/29/2020,GA,24704,854,1054,29
04/30/2020,GA,25241,537,1111,57
04/01/2020,WI,1550,199,24,8
04/02/2020,WI,1730,180,31,7
04/03/2020,WI,1916,186,37,6
04/04/2020,WI,2112,196,56,19
04/05/2020,WI,2267,155,68,12
04/06/2020,WI,2440,173,77,9
04/07/2020,WI,2578,138,92,15
04/08/2020,WI,2756,178,99,7
04/09/2020,WI,2885,129,111,12
04/10/2020,WI,3068,183,128,17
04/11/2020,WI,3221,153,137,9
04/12/2020,WI,3341,120,144,7
04/13/2020,WI,3428,87,154,10
04/14/2020,WI,3555,127,170,16
04/15/2020,WI,3721,166,182,12
04/16/2020,WI,3875,154,197,15
04/17/2020,WI,4045,170,205,8
04/18/2020,WI,4199,154,211,6
04/19/2020,WI,4346,147,220,9
04/20/2020,WI,4499,153,230,10
04/21/2020,WI,4620,121,242,12
04/22/2020,WI,4845,225,246,4
04/23/2020,WI,5052,207,257,11
04/24/2020,WI,5356,304,262,5
04/25/2020,WI,5687,331,266,4
04/26/2020,WI,5911,224,272,6
04/27/2020,WI,6081,170,281,9
04/28/2020,WI,6289,208,300,19
04/29/2020,WI,6520,231,308,8
04/30/2020,WI,6854,334,316,8
04/01/2020,IL,6980,986,141,42
04/02/2020,IL,7695,715,157,16
04/03/2020,IL,8904,1209,210,53
04/04/2020,IL,10357,1453,243,33
04/05/2020,IL,11256,899,274,31
04/06/2020,IL,12262,1006,307,33
04/07/2020,IL,13549,1287,380,73
04/08/2020,IL,15078,1529,462,82
04/09/2020,IL,16422,1344,528,66
04/10/2020,IL,17887,1465,596,68
04/11/2020,IL,19180,1293,677,81
04/12/2020,IL,20852,1672,720,43
04/13/2020,IL,22025,1173,794,74
04/14/2020,IL,23247,1222,868,74
04/15/2020,IL,24593,1346,948,80
04/16/2020,IL,25733,1140,1072,124
04/17/2020,IL,27575,1842,1134,62
04/18/2020,IL,29160,1585,1259,125
04/19/2020,IL,30357,1197,1290,31
04/20/2020,IL,31508,1151,1349,59
04/21/2020,IL,33059,1551,1468,119
04/22/2020,IL,35108,2049,1565,97
04/23/2020,IL,36934,1826,1688,123
04/24/2020,IL,39658,2724,1795,107
04/25/2020,IL,41777,2119,1874,79
04/26/2020,IL,43903,2126,1933,59
04/27/2020,IL,45883,1980,1983,50
04/28/2020,IL,48102,2219,2125,142
04/29/2020,IL,50355,2253,2215,90
04/30/2020,IL,52918,2563,2355,140
04/01/2020,PR,286,47,11,3
04/02/2020,PR,316,30,12,1
04/03/2020,PR,378,62,15,3
04/04/2020,PR,452,74,18,3
04/05/2020,PR,475,23,20,2
04/06/2020,PR,513,38,21,1
04/07/2020,PR,573,60,23,2
04/08/2020,PR,620,47,24,1
04/09/2020,PR,683,63,33,9
04/10/2020,PR,725,42,39,6
04/11/2020,PR,788,63,42,3
04/12/2020,PR,897,109,44,2
04/13/2020,PR,903,6,45,1
04/14/2020,PR,923,20,45,0
04/15/2020,PR,974,51,51,6
04/16/2020,PR,1043,69,56,5
04/17/2020,PR,1068,25,58,2
04/18/2020,PR,1118,50,60,2
04/19/2020,PR,1213,95,62,2
04/20/2020,PR,1213,0,62,0
04/21/2020,PR,1213,0,62,0
04/22/2020,PR,1213,0,62,0
04/23/2020,PR,1416,203,69,7
04/24/2020,PR,1416,0,69,0
04/25/2020,PR,1416,0,69,0
04/26/2020,PR,1371,-45,84,15
04/27/2020,PR,1389,18,84,0
04/28/2020,PR,1400,11,86,2
04/29/2020,PR,1433,33,86,0
04/30/2020,PR,1539,106,92,6
04/01/2020,ID,669,144,9,0
04/02/2020,ID,891,222,9,0
04/03/2020,ID,1013,122,10,1
04/04/2020,ID,1077,64,10,0
04/05/2020,ID,1101,24,10,0
04/06/2020,ID,1170,69,13,3
04/07/2020,ID,1210,40,15,2
04/08/2020,ID,1232,22,18,3
04/09/2020,ID,1353,121,24,6
04/10/2020,ID,1396,43,25,1
04/11/2020,ID,1407,11,27,2
04/12/2020,ID,1458,51,27,0
04/13/2020,ID,1486,28,33,6
04/14/2020,ID,1486,0,39,6
04/15/2020,ID,1587,101,41,2
04/16/2020,ID,1609,22,41,0
04/17/2020,ID,1655,46,43,2
04/18/2020,ID,1668,13,44,1
04/19/2020,ID,1672,4,45,1
04/20/2020,ID,1736,64,48,3
04/21/2020,ID,1766,30,51,3
04/22/2020,ID,1802,36,54,3
04/23/2020,ID,1836,34,54,0
04/24/2020,ID,1870,34,54,0
04/25/2020,ID,1887,17,56,2
04/26/2020,ID,1897,10,56,0
04/27/2020,ID,1917,20,58,2
04/28/2020,ID,1952,35,60,2
04/29/2020,ID,1984,32,60,0
04/30/2020,ID,2015,31,63,3
04/01/2020,OK,719,154,30,7
04/02/2020,OK,879,160,34,4
04/03/2020,OK,988,109,38,4
04/04/2020,OK,1159,171,42,4
04/05/2020,OK,1250,91,46,4
04/06/2020,OK,1327,77,51,5
04/07/2020,OK,1472,145,67,16
04/08/2020,OK,1524,52,79,12
04/09/2020,OK,1684,160,80,1
04/10/2020,OK,1794,110,88,8
04/11/2020,OK,1868,74,94,6
04/12/2020,OK,1970,102,96,2
04/13/2020,OK,2069,99,99,3
04/14/2020,OK,2209,140,108,9
04/15/2020,OK,2263,54,123,15
04/16/2020,OK,2359,96,131,8
04/17/2020,OK,2465,106,136,5
04/18/2020,OK,2570,105,139,3
04/19/2020,OK,2599,29,140,1
04/20/2020,OK,2680,81,143,3
04/21/2020,OK,2807,127,164,21
04/22/2020,OK,2894,87,170,6
04/23/2020,OK,3017,123,179,9
04/24/2020,OK,3121,104,188,9
04/25/2020,OK,3193,72,194,6
04/26/2020,OK,3253,60,195,1
04/27/2020,OK,3280,27,197,2
04/28/2020,OK,3410,130,207,10
04/29/2020,OK,3473,63,214,7
04/30/2020,OK,3618,145,222,8
04/01/2020,LA,6424,1187,273,34
04/02/2020,LA,9150,2726,310,37
04/03/2020,LA,10297,1147,370,60
04/04/2020,LA,12496,2199,409,39
04/05/2020,LA,13010,514,477,68
04/06/2020,LA,14867,1857,512,35
04/07/2020,LA,16284,1417,582,70
04/08/2020,LA,17030,746,652,70
04/09/2020,LA,18283,1253,702,50
04/10/2020,LA,19253,970,755,53
04/11/2020,LA,20014,761,806,51
04/12/2020,LA,20595,581,840,34
04/13/2020,LA,21016,421,884,44
04/14/2020,LA,21518,502,1013,129
04/15/2020,LA,21951,433,1103,90
04/16/2020,LA,22532,581,1156,53
04/17/2020,LA,23118,586,1213,57
04/18/2020,LA,23580,462,1267,54
04/19/2020,LA,23928,348,1296,29
04/20/2020,LA,24523,595,1328,32
04/21/2020,LA,24854,331,1405,77
04/22/2020,LA,25317,463,1532,127
04/23/2020,LA,25798,481,1599,67
04/24/2020,LA,26140,342,1601,2
04/25/2020,LA,26512,372,1644,43
04/26/2020,LA,26832,320,1729,85
04/27/2020,LA,27111,279,1740,11
04/28/2020,LA,27329,218,1801,61
04/29/2020,LA,27703,374,1845,44
04/30/2020,LA,28044,341,1905,60
04/01/2020,TX,3997,731,58,17
04/02/2020,TX,4669,672,70,12
04/03/2020,TX,5330,661,90,20
04/04/2020,TX,6110,780,105,15
04/05/2020,TX,6812,702,127,22
04/06/2020,TX,7276,464,140,13
04/07/2020,TX,8262,986,154,14
04/08/2020,TX,9353,1091,177,23
04/09/2020,TX,10230,877,199,22
04/10/2020,TX,11671,1441,226,27
04/11/2020,TX,12561,890,254,28
04/12/2020,TX,13484,923,271,17
04/13/2020,TX,13906,422,287,16
04/14/2020,TX,14624,718,318,31
04/15/2020,TX,15492,868,364,46
04/16/2020,TX,16455,963,393,29
04/17/2020,TX,17371,916,428,35
04/18/2020,TX,18260,889,453,25
04/19/2020,TX,18923,663,477,24
04/20/2020,TX,19458,535,495,18
04/21/2020,TX,20196,738,517,22
04/22/2020,TX,21069,873,543,26
04/23/2020,TX,21944,875,561,18
04/24/2020,TX,22806,862,593,32
04/25/2020,TX,23773,967,623,30
04/26/2020,TX,24631,858,648,25
04/27/2020,TX,25297,666,663,15
04/28/2020,TX,26171,874,690,27
04/29/2020,TX,27054,883,732,42
04/30/2020,TX,28087,1033,782,50
04/01/2020,AR,614,54,10,2
04/02/2020,AR,679,65,12,2
04/03/2020,AR,738,59,12,0
04/04/2020,AR,743,5,14,2
04/05/2020,AR,853,110,16,2
04/06/2020,AR,915,62,16,0
04/07/2020,AR,993,78,18,2
04/08/2020,AR,1071,78,18,0
04/09/2020,AR,1127,56,21,3
04/10/2020,AR,1202,75,24,3
04/11/2020,AR,1234,32,27,3
04/12/2020,AR,1307,73,29,2
04/13/2020,AR,1410,103,30,1
04/14/2020,AR,1498,88,32,2
04/15/2020,AR,1583,85,33,1
04/16/2020,AR,1635,52,37,4
04/17/2020,AR,1702,67,40,3
04/18/2020,AR,1777,75,41,1
04/19/2020,AR,1781,4,40,-1
04/20/2020,AR,1964,183,42,2
04/21/2020,AR,2262,298,43,1
04/22/2020,AR,2281,19,42,-1
04/23/2020,AR,2465,184,45,3
04/24/2020,AR,2810,345,47,2
04/25/2020,AR,2909,99,48,1
04/26/2020,AR,2941,32,49,1
04/27/2020,AR,3055,114,50,1
04/28/2020,AR,3121,66,52,2
04/29/2020,AR,3192,71,59,7
04/30/2020,AR,3255,63,61,2
04/01/2020,MN,742,53,18,1
04/02/2020,MN,789,47,22,4
04/03/2020,MN,789,0,22,0
04/04/2020,MN,865,76,24,2
04/05/2020,MN,986,121,29,5
04/06/2020,MN,1069,83,34,5
04/07/2020,MN,1154,85,39,5
04/08/2020,MN,1242,88,50,11
04/09/2020,MN,1336,94,57,7
04/10/2020,MN,1336,0,57,0
04/11/2020,MN,1514,178,67,10
04/12/2020,MN,1621,107,70,3
04/13/2020,MN,1695,74,79,9
04/14/2020,MN,1809,114,87,8
04/15/2020,MN,1862,53,90,3
04/16/2020,MN,2013,151,101,11
04/17/2020,MN,2174,161,115,14
04/18/2020,MN,2213,39,121,6
04/19/2020,MN,2470,257,143,22
04/20/2020,MN,2567,97,160,17
04/21/2020,MN,2721,154,179,19
04/22/2020,MN,2721,0,179,0
04/23/2020,MN,3185,464,221,42
04/24/2020,MN,3185,0,221,0
04/25/2020,MN,3446,261,244,23
04/26/2020,MN,3602,156,272,28
04/27/2020,MN,4181,579,301,29
04/28/2020,MN,4645,464,319,18
04/29/2020,MN,5136,491,343,24
04/30/2020,MN,5136,0,343,0
04/01/2020,CA,8155,24,172,0
04/02/2020,CA,9191,1036,203,31
04/03/2020,CA,12024,2833,270,67
04/04/2020,CA,12026,2,276,6
04/05/2020,CA,13438,1412,319,43
04/06/2020,CA,14336,898,343,24
04/07/2020,CA,15865,1529,374,31
04/08/2020,CA,16957,1092,442,68
04/09/2020,CA,18309,1352,492,50
04/10/2020,CA,19472,1163,541,49
04/11/2020,CA,20615,1143,609,68
04/12/2020,CA,21794,1179,651,42
04/13/2020,CA,22348,554,687,36
04/14/2020,CA,23338,990,758,71
04/15/2020,CA,24424,1086,821,63
04/16/2020,CA,26182,1758,890,69
04/17/2020,CA,27528,1346,985,95
04/18/2020,CA,28963,1435,1072,87
04/19/2020,CA,28963,0,1072,0
04/20/2020,CA,30978,2015,1208,136
04/21/2020,CA,33261,2283,1268,60
04/22/2020,CA,35396,2135,1354,86
04/23/2020,CA,37369,1973,1469,115
04/24/2020,CA,39254,1885,1562,93
04/25/2020,CA,41137,1883,1651,89
04/26/2020,CA,42164,1027,1710,59
04/27/2020,CA,43464,1300,1755,45
04/28/2020,CA,45031,1567,1809,54
04/29/2020,CA,46500,1469,1887,78
04/30/2020,CA,48917,2417,1982,95
04/01/2020,NJ,22255,3559,355,88
04/02/2020,NJ,25590,3335,537,182
04/03/2020,NJ,29895,4305,646,109
04/04/2020,NJ,34124,4229,846,200
04/05/2020,NJ,37505,3381,917,71
04/06/2020,NJ,41090,3585,1003,86
04/07/2020,NJ,44416,3326,1232,229
04/08/2020,NJ,47437,3021,1504,272
04/09/2020,NJ,51027,3590,1700,196
04/10/2020,NJ,54588,3561,1932,232
04/11/2020,NJ,58151,3563,2187,255
04/12/2020,NJ,61850,3699,2350,163
04/13/2020,NJ,64584,2734,2443,93
04/14/2020,NJ,68824,4240,2805,362
04/15/2020,NJ,71030,2206,3156,351
04/16/2020,NJ,75317,4287,3518,362
04/17/2020,NJ,78467,3150,3840,322
04/18/2020,NJ,81436,2969,4070,230
04/19/2020,NJ,85301,3865,4202,132
04/20/2020,NJ,88806,3505,4377,175
04/21/2020,NJ,92387,3581,4753,376
04/22/2020,NJ,95865,3478,5063,310
04/23/2020,NJ,99989,4124,5368,305
04/24/2020,NJ,102196,2207,5617,249
04/25/2020,NJ,105523,3327,5863,246
04/26/2020,NJ,109038,3515,5938,75
04/27/2020,NJ,111188,2150,6044,106
04/28/2020,NJ,113856,2668,6442,398
04/29/2020,NJ,116264,2408,6770,328
04/30/2020,NJ,118652,2388,7228,458
04/01/2020,MD,1985,325,31,13
04/02/2020,MD,2331,346,36,5
04/03/2020,MD,2758,427,42,6
04/04/2020,MD,3125,367,53,11
04/05/2020,MD,4045,920,91,38
04/06/2020,MD,4371,326,103,12
04/07/2020,MD,5529,1158,124,21
04/08/2020,MD,6185,656,138,14
04/09/2020,MD,6968,783,171,33
04/10/2020,MD,6968,0,171,0
04/11/2020,MD,7694,726,206,35
04/12/2020,MD,8936,1242,262,56
04/13/2020,MD,9472,536,302,40
04/14/2020,MD,10032,560,413,111
04/15/2020,MD,10784,752,459,46
04/16/2020,MD,11572,788,494,35
04/17/2020,MD,11572,0,494,0
04/18/2020,MD,12308,736,534,40
04/19/2020,MD,13684,1376,582,48
04/20/2020,MD,14193,509,652,70
04/21/2020,MD,14775,582,698,46
04/22/2020,MD,15737,962,748,50
04/23/2020,MD,16616,879,798,50
04/24/2020,MD,16616,0,798,0
04/25/2020,MD,17766,1150,875,77
04/26/2020,MD,19487,1721,945,70
04/27/2020,MD,20113,626,1016,71
04/28/2020,MD,20849,736,1078,62
04/29/2020,MD,21742,893,1140,62
04/30/2020,MD,23472,1730,1192,52
04/01/2020,NV,1279,166,32,6
04/02/2020,NV,1458,179,38,6
04/03/2020,NV,1514,56,43,5
04/04/2020,NV,1742,228,45,2
04/05/2020,NV,1836,94,46,1
04/06/2020,NV,1953,117,58,12
04/07/2020,NV,2087,134,71,13
04/08/2020,NV,2318,231,80,9
04/09/2020,NV,2456,138,85,5
04/10/2020,NV,2584,128,102,17
04/11/2020,NV,2700,116,112,10
04/12/2020,NV,2836,136,114,2
04/13/2020,NV,2971,135,120,6
04/14/2020,NV,3088,117,130,10
04/15/2020,NV,3211,123,137,7
04/16/2020,NV,3321,110,142,5
04/17/2020,NV,3524,203,151,9
04/18/2020,NV,3626,102,155,4
04/19/2020,NV,3728,102,157,2
04/20/2020,NV,3830,102,164,7
04/21/2020,NV,3937,107,170,6
04/22/2020,NV,4081,144,179,9
04/23/2020,NV,4208,127,197,18
04/24/2020,NV,4398,190,203,6
04/25/2020,NV,4539,141,206,3
04/26/2020,NV,4602,63,213,7
04/27/2020,NV,4690,88,213,0
04/28/2020,NV,4812,122,232,19
04/29/2020,NV,4898,86,237,5
04/30/2020,NV,5007,109,252,15
04/01/2020,NY,36273,3617,275,64
04/02/2020,NY,40572,4299,395,120
04/03/2020,NY,45704,5132,508,113
04/04/2020,NY,50398,4694,566,58
04/05/2020,NY,54480,4082,1017,451
04/06/2020,NY,72324,17844,3202,2185
04/07/2020,NY,61897,-10427,1378,-1824
04/08/2020,NY,67513,5616,1545,167
04/09/2020,NY,72910,5397,1787,242
04/10/2020,NY,78128,5218,2024,237
04/11/2020,NY,82150,4022,2260,236
04/12/2020,NY,85486,3336,2443,183
04/13/2020,NY,88268,2782,2661,218
04/14/2020,NY,91743,3475,2882,221
04/15/2020,NY,95477,3734,3081,199
04/16/2020,NY,99138,3661,3247,166
04/17/2020,NY,102290,3152,3560,313
04/18/2020,NY,105548,3258,3562,2
04/19/2020,NY,108350,2802,3787,225
04/20/2020,NY,110706,2356,3940,153
04/21/2020,NY,112365,1659,4107,167
04/22/2020,NY,114784,2419,4260,153
04/23/2020,NY,117605,2821,4407,147
04/24/2020,NY,121117,3512,4552,145
04/25/2020,NY,127030,5913,4715,163
04/26/2020,NY,129787,2757,4831,116
04/27/2020,NY,131507,1720,4947,116
04/28/2020,NY,132768,1261,5060,113
04/29/2020,NY,134850,2082,5170,110
04/30/2020,NY,136894,2044,5345,175
04/01/2020,IN,2565,406,65,16
04/02/2020,IN,3039,474,78,13
04/03/2020,IN,3457,418,102,24
04/04/2020,IN,3953,496,116,14
04/05/2020,IN,4411,458,127,11
04/06/2020,IN,4944,533,139,12
04/07/2020,IN,5507,563,173,34
04/08/2020,IN,5943,436,203,30
04/09/2020,IN,6351,408,245,42
04/10/2020,IN,6907,556,300,55
04/11/2020,IN,7435,528,350,50
04/12/2020,IN,7928,493,350,0
04/13/2020,IN,8236,308,350,0
04/14/2020,IN,8527,291,387,37
04/15/2020,IN,8955,428,436,49
04/16/2020,IN,9542,587,477,41
04/17/2020,IN,10154,612,519,42
04/18/2020,IN,10641,487,545,26
04/19/2020,IN,11210,569,562,17
04/20/2020,IN,11686,476,569,7
04/21/2020,IN,12097,411,630,61
04/22/2020,IN,12438,341,661,31
04/23/2020,IN,13039,601,706,45
04/24/2020,IN,13680,641,741,35
04/25/2020,IN,14395,715,872,131
04/26/2020,IN,15012,617,901,29
04/27/2020,IN,15961,949,932,31
04/28/2020,IN,16588,627,992,60
04/29/2020,IN,17182,594,1065,73
04/30/2020,IN,17835,653,1114,49
04/01/2020,OR,736,46,18,0
04/02/2020,OR,826,90,21,3
04/03/2020,OR,899,73,22,1
04/04/2020,OR,999,100,26,4
04/05/2020,OR,1068,69,27,1
04/06/2020,OR,1132,64,29,2
04/07/2020,OR,1181,49,33,4
04/08/2020,OR,1239,58,38,5
04/09/2020,OR,1321,82,44,6
04/10/2020,OR,1371,50,48,4
04/11/2020,OR,1447,76,51,3
04/12/2020,OR,1527,80,52,1
04/13/2020,OR,1584,57,53,1
04/14/2020,OR,1633,49,55,2
04/15/2020,OR,1663,30,58,3
04/16/2020,OR,1736,73,64,6
04/17/2020,OR,1785,49,70,6
04/18/2020,OR,1844,59,72,2
04/19/2020,OR,1910,66,74,2
04/20/2020,OR,1956,46,75,1
04/21/2020,OR,2002,46,78,3
04/22/2020,OR,2059,57,78,0
04/23/2020,OR,2127,68,83,5
04/24/2020,OR,2177,50,86,3
04/25/2020,OR,2253,76,87,1
04/26/2020,OR,2311,58,91,4
04/27/2020,OR,2354,43,92,1
04/28/2020,OR,2385,31,99,7
04/29/2020,OR,2446,61,101,2
04/30/2020,OR,2510,64,103,2
04/01/2020,WV,191,29,2,1
04/02/2020,WV,217,26,2,0
04/03/2020,WV,237,20,2,0
04/04/2020,WV,282,45,2,0
04/05/2020,WV,324,42,3,1
04/06/2020,WV,345,21,4,1
04/07/2020,WV,412,67,4,0
04/08/2020,WV,412,0,4,0
04/09/2020,WV,523,111,5,1
04/10/2020,WV,574,51,5,0
04/11/2020,WV,591,17,6,1
04/12/2020,WV,611,20,8,2
04/13/2020,WV,626,15,9,1
04/14/2020,WV,694,68,10,1
04/15/2020,WV,718,24,12,2
04/16/2020,WV,739,21,13,1
04/17/2020,WV,775,36,16,3
04/18/2020,WV,825,50,18,2
04/19/2020,WV,863,38,18,0
04/20/2020,WV,902,39,24,6
04/21/2020,WV,914,12,26,2
04/22/2020,WV,963,49,29,3
04/23/2020,WV,981,18,31,2
04/24/2020,WV,1010,29,32,1
04/25/2020,WV,1025,15,33,1
04/26/2020,WV,1053,28,34,1
04/27/2020,WV,1077,24,37,3
04/28/2020,WV,1095,18,38,1
04/29/2020,WV,1109,14,40,2
04/30/2020,WV,1125,16,44,4
04/01/2020,UT,1012,78,7,2
04/02/2020,UT,1165,153,7,0
04/03/2020,UT,1246,81,7,0
04/04/2020,UT,1428,182,8,1
04/05/2020,UT,1605,177,8,0
04/06/2020,UT,1716,111,13,5
04/07/2020,UT,1804,88,13,0
04/08/2020,UT,1916,112,13,0
04/09/2020,UT,2061,145,15,2
04/10/2020,UT,2102,41,17,2
04/11/2020,UT,2206,104,18,1
04/12/2020,UT,2338,132,18,0
04/13/2020,UT,2392,54,18,0
04/14/2020,UT,2453,61,20,2
04/15/2020,UT,2637,184,21,1
04/16/2020,UT,2760,123,22,1
04/17/2020,UT,2805,45,23,1
04/18/2020,UT,2946,141,25,2
04/19/2020,UT,3151,205,28,3
04/20/2020,UT,3259,108,32,4
04/21/2020,UT,3369,110,34,2
04/22/2020,UT,3540,171,35,1
04/23/2020,UT,3722,182,38,3
04/24/2020,UT,3782,60,39,1
04/25/2020,UT,3948,166,41,2
04/26/2020,UT,4214,266,41,0
04/27/2020,UT,4307,93,44,3
04/28/2020,UT,4423,116,45,1
04/29/2020,UT,4605,182,46,1
04/30/2020,UT,4753,148,46,0
04/01/2020,MO,1581,254,18,4
04/02/2020,MO,1834,253,19,1
04/03/2020,MO,2113,279,19,0
04/04/2020,MO,2291,178,24,5
04/05/2020,MO,2367,76,34,10
04/06/2020,MO,2722,355,39,5
04/07/2020,MO,3037,315,53,14
04/08/2020,MO,3327,290,58,5
04/09/2020,MO,3539,212,77,19
04/10/2020,MO,3799,260,96,19
04/11/2020,MO,4024,225,109,13
04/12/2020,MO,4160,136,110,1
04/13/2020,MO,4388,228,114,4
04/14/2020,MO,4686,298,133,19
04/15/2020,MO,4895,209,147,14
04/16/2020,MO,5111,216,152,5
04/17/2020,MO,5283,172,165,13
04/18/2020,MO,5517,234,175,10
04/19/2020,MO,5667,150,176,1
04/20/2020,MO,5807,140,177,1
04/21/2020,MO,5941,134,189,12
04/22/2020,MO,6137,196,208,19
04/23/2020,MO,6321,184,218,10
04/24/2020,MO,6625,304,262,44
04/25/2020,MO,6826,201,273,11
04/26/2020,MO,6997,171,274,1
04/27/2020,MO,7171,174,288,14
04/28/2020,MO,7303,132,314,26
04/29/2020,MO,7425,122,318,4
04/30/2020,MO,7562,137,329,11
04/01/2020,DE,368,49,11,1
04/02/2020,DE,393,25,12,1
04/03/2020,DE,450,57,14,2
04/04/2020,DE,593,143,14,0
04/05/2020,DE,673,80,14,0
04/06/2020,DE,783,110,15,1
04/07/2020,DE,928,145,16,1
04/08/2020,DE,1116,188,19,3
04/09/2020,DE,1209,93,23,4
04/10/2020,DE,1326,117,32,9
04/11/2020,DE,1479,153,33,1
04/12/2020,DE,1625,146,35,2
04/13/2020,DE,1761,136,41,6
04/14/2020,DE,1926,165,43,2
04/15/2020,DE,2014,88,46,3
04/16/2020,DE,2075,61,52,6
04/17/2020,DE,2323,248,61,9
04/18/2020,DE,2538,215,67,6
04/19/2020,DE,2745,207,72,5
04/20/2020,DE,2745,0,72,0
04/21/2020,DE,3200,455,89,17
04/22/2020,DE,3308,108,92,3
04/23/2020,DE,3442,134,100,8
04/24/2020,DE,3442,0,100,0
04/25/2020,DE,3576,134,112,12
04/26/2020,DE,4162,586,125,13
04/27/2020,DE,4575,413,137,12
04/28/2020,DE,4655,80,144,7
04/29/2020,DE,4734,79,152,8
04/30/2020,DE,4734,0,152,0
04/01/2020,SD,129,21,2,1
04/02/2020,SD,165,36,2,0
04/03/2020,SD,187,22,2,0
04/04/2020,SD,212,25,2,0
04/05/2020,SD,240,28,2,0
04/06/2020,SD,288,48,4,2
04/07/2020,SD,320,32,6,2
04/08/2020,SD,393,73,6,0
04/09/2020,SD,447,54,6,0
04/10/2020,SD,536,89,6,0
04/11/2020,SD,626,90,6,0
04/12/2020,SD,730,104,6,0
04/13/2020,SD,868,138,6,0
04/14/2020,SD,1168,300,6,0
04/15/2020,SD,1168,0,6,0
04/16/2020,SD,1311,143,7,1
04/17/2020,SD,1411,100,7,0
04/18/2020,SD,1542,131,7,0
04/19/2020,SD,1635,93,7,0
04/20/2020,SD,1685,50,7,0
04/21/2020,SD,1754,69,8,1
04/22/2020,SD,1858,104,9,1
04/23/2020,SD,1956,98,9,0
04/24/2020,SD,2040,84,10,1
04/25/2020,SD,2147,107,10,0
04/26/2020,SD,2212,65,11,1
04/27/2020,SD,2245,33,11,0
04/28/2020,SD,2313,68,11,0
04/29/2020,SD,2373,60,13,2
04/30/2020,SD,2449,76,17,4
04/01/2020,RI,566,46,10,2
04/02/2020,RI,681,115,12,2
04/03/2020,RI,711,30,14,2
04/04/2020,RI,806,95,17,3
04/05/2020,RI,922,116,25,8
04/06/2020,RI,1170,248,27,2
04/07/2020,RI,1414,244,30,3
04/08/2020,RI,1450,36,35,5
04/09/2020,RI,1939,489,47,12
04/10/2020,RI,2015,76,49,2
04/11/2020,RI,2349,334,56,7
04/12/2020,RI,2665,316,63,7
04/13/2020,RI,2976,311,73,10
04/14/2020,RI,3369,393,80,7
04/15/2020,RI,3529,160,87,7
04/16/2020,RI,3969,440,114,27
04/17/2020,RI,4177,208,118,4
04/18/2020,RI,4491,314,137,19
04/19/2020,RI,4706,215,150,13
04/20/2020,RI,5090,384,155,5
04/21/2020,RI,5716,626,181,26
04/22/2020,RI,6012,296,186,5
04/23/2020,RI,6256,244,189,3
04/24/2020,RI,6699,443,202,13
04/25/2020,RI,7129,430,215,13
04/26/2020,RI,7439,310,226,11
04/27/2020,RI,7708,269,233,7
04/28/2020,RI,7926,218,239,6
04/29/2020,RI,8247,321,251,12
04/30/2020,RI,8621,374,266,15
04/01/2020,KS,482,54,10,1
04/02/2020,KS,552,70,13,3
04/03/2020,KS,620,68,17,4
04/04/2020,KS,698,78,21,4
04/05/2020,KS,813,115,23,2
04/06/2020,KS,845,32,25,2
04/07/2020,KS,900,55,27,2
04/08/2020,KS,1076,176,39,12
04/09/2020,KS,1106,30,44,5
04/10/2020,KS,1241,135,52,8
04/11/2020,KS,1279,38,56,4
04/12/2020,KS,1377,98,57,1
04/13/2020,KS,1376,-1,62,5
04/14/2020,KS,1477,101,71,9
04/15/2020,KS,1494,17,76,5
04/16/2020,KS,1588,94,80,4
04/17/2020,KS,1760,172,88,8
04/18/2020,KS,1811,51,88,0
04/19/2020,KS,1849,38,92,4
04/20/2020,KS,1986,137,100,8
04/21/2020,KS,2025,39,107,7
04/22/2020,KS,2211,186,110,3
04/23/2020,KS,2482,271,112,2
04/24/2020,KS,2777,295,111,-1
04/25/2020,KS,3056,279,117,6
04/26/2020,KS,3174,118,118,1
04/27/2020,KS,3328,154,120,2
04/28/2020,KS,3491,163,124,4
04/29/2020,KS,3738,247,125,1
04/30/2020,KS,4238,500,129,4
04/01/2020,NH,415,48,4,1
04/02/2020,NH,479,64,5,1
04/03/2020,NH,540,61,7,2
04/04/2020,NH,621,81,9,2
04/05/2020,NH,669,48,9,0
04/06/2020,NH,715,46,9,0
04/07/2020,NH,747,32,13,4
04/08/2020,NH,788,41,18,5
04/09/2020,NH,819,31,21,3
04/10/2020,NH,885,66,22,1
04/11/2020,NH,929,44,23,1
04/12/2020,NH,985,56,23,0
04/13/2020,NH,1020,35,23,0
04/14/2020,NH,1091,71,27,4
04/15/2020,NH,1139,48,32,5
04/16/2020,NH,1211,72,34,2
04/17/2020,NH,1287,76,37,3
04/18/2020,NH,1342,55,38,1
04/19/2020,NH,1392,50,41,3
04/20/2020,NH,1447,55,42,1
04/21/2020,NH,1491,44,42,0
04/22/2020,NH,1588,97,48,6
04/23/2020,NH,1670,82,51,3
04/24/2020,NH,1720,50,53,2
04/25/2020,NH,1787,67,60,7
04/26/2020,NH,1864,77,60,0
04/27/2020,NH,1938,74,60,0
04/28/2020,NH,2010,72,60,0
04/29/2020,NH,2054,44,66,6
04/30/2020,NH,2146,92,72,6
04/01/2020,ME,344,41,7,2
04/02/2020,ME,376,32,7,0
04/03/2020,ME,432,56,9,2
04/04/2020,ME,456,24,10,1
04/05/2020,ME,470,14,10,0
04/06/2020,ME,499,29,10,0
04/07/2020,ME,519,20,12,2
04/08/2020,ME,537,18,14,2
04/09/2020,ME,560,23,16,2
04/10/2020,ME,583,23,17,1
04/11/2020,ME,616,33,19,2
04/12/2020,ME,633,17,19,0
04/13/2020,ME,698,65,19,0
04/14/2020,ME,734,36,20,1
04/15/2020,ME,770,36,24,4
04/16/2020,ME,796,26,27,3
04/17/2020,ME,827,31,29,2
04/18/2020,ME,847,20,32,3
04/19/2020,ME,867,20,34,2
04/20/2020,ME,875,8,35,1
04/21/2020,ME,888,13,36,1
04/22/2020,ME,907,19,39,3
04/23/2020,ME,937,30,44,5
04/24/2020,ME,965,28,47,3
04/25/2020,ME,990,25,50,3
04/26/2020,ME,1023,33,50,0
04/27/2020,ME,1040,17,51,1
04/28/2020,ME,1056,16,51,0
04/29/2020,ME,1095,39,53,2
04/30/2020,ME,1123,28,55,2
04/01/2020,NC,1584,86,9,1
04/02/2020,NC,1857,273,16,7
04/03/2020,NC,2093,236,19,3
04/04/2020,NC,2402,309,24,5
04/05/2020,NC,2585,183,31,7
04/06/2020,NC,2870,285,33,2
04/07/2020,NC,3221,351,46,13
04/08/2020,NC,3426,205,53,7
04/09/2020,NC,3651,225,65,12
04/10/2020,NC,3908,257,74,9
04/11/2020,NC,4312,404,80,6
04/12/2020,NC,4520,208,81,1
04/13/2020,NC,4816,296,86,5
04/14/2020,NC,5024,208,108,22
04/15/2020,NC,5123,99,117,9
04/16/2020,NC,5465,342,131,14
04/17/2020,NC,5859,394,152,21
04/18/2020,NC,6140,281,164,12
04/19/2020,NC,6493,353,172,8
04/20/2020,NC,6764,271,179,7
04/21/2020,NC,6951,187,213,34
04/22/2020,NC,7220,269,242,29
04/23/2020,NC,7608,388,253,11
04/24/2020,NC,8052,444,269,16
04/25/2020,NC,8623,571,289,20
04/26/2020,NC,8830,207,299,10
04/27/2020,NC,9142,312,306,7
04/28/2020,NC,9568,426,342,36
04/29/2020,NC,9948,380,354,12
04/30/2020,NC,10509,561,378,24
04/01/2020,MT,228,25,5,0
04/02/2020,MT,244,16,5,0
04/03/2020,MT,262,18,5,0
04/04/2020,MT,281,19,6,1
04/05/2020,MT,300,19,6,0
04/06/2020,MT,320,20,6,0
04/07/2020,MT,332,12,6,0
04/08/2020,MT,352,20,6,0
04/09/2020,MT,365,13,6,0
04/10/2020,MT,365,0,6,0
04/11/2020,MT,377,12,6,0
04/12/2020,MT,394,17,6,0
04/13/2020,MT,398,4,7,1
04/14/2020,MT,404,6,7,0
04/15/2020,MT,415,11,7,0
04/16/2020,MT,422,7,8,1
04/17/2020,MT,422,0,8,0
04/18/2020,MT,426,4,10,2
04/19/2020,MT,433,7,10,0
04/20/2020,MT,437,4,12,2
04/21/2020,MT,439,2,13,1
04/22/2020,MT,442,3,14,1
04/23/2020,MT,444,2,14,0
04/24/2020,MT,444,0,14,0
04/25/2020,MT,445,1,14,0
04/26/2020,MT,449,4,14,0
04/27/2020,MT,451,2,16,2
04/28/2020,MT,451,0,15,-1
04/29/2020,MT,451,0,16,1
04/30/2020,MT,453,2,16,0
04/01/2020,DC,586,91,11,2
04/02/2020,DC,653,67,12,1
04/03/2020,DC,757,104,15,3
04/04/2020,DC,902,145,21,6
04/05/2020,DC,998,96,22,1
04/06/2020,DC,1097,99,24,2
04/07/2020,DC,1211,114,24,0
04/08/2020,DC,1440,229,27,3
04/09/2020,DC,1523,83,32,5
04/10/2020,DC,1660,137,38,6
04/11/2020,DC,1778,118,47,9
04/12/2020,DC,1875,97,50,3
04/13/2020,DC,1955,80,52,2
04/14/2020,DC,2058,103,67,15
04/15/2020,DC,2197,139,72,5
04/16/2020,DC,2350,153,81,9
04/17/2020,DC,2476,126,86,5
04/18/2020,DC,2666,190,91,5
04/19/2020,DC,2793,127,96,5
04/20/2020,DC,2927,134,105,9
04/21/2020,DC,3098,171,112,7
04/22/2020,DC,3206,108,127,15
04/23/2020,DC,3361,155,139,12
04/24/2020,DC,3528,167,153,14
04/25/2020,DC,3699,171,165,12
04/26/2020,DC,3841,142,178,13
04/27/2020,DC,3892,51,185,7
04/28/2020,DC,3994,102,190,5
04/29/2020,DC,4106,112,205,15
04/30/2020,DC,4323,217,224,19
04/01/2020,AK,143,10,3,0
04/02/2020,AK,147,4,3,0
04/03/2020,AK,157,10,3,0
04/04/2020,AK,171,14,5,2
04/05/2020,AK,185,14,6,1
04/06/2020,AK,191,6,6,0
04/07/2020,AK,213,22,6,0
04/08/2020,AK,226,13,7,1
04/09/2020,AK,235,9,7,0
04/10/2020,AK,246,11,7,0
04/11/2020,AK,257,11,8,1
04/12/2020,AK,272,15,8,0
04/13/2020,AK,277,5,8,0
04/14/2020,AK,285,8,9,1
04/15/2020,AK,293,8,9,0
04/16/2020,AK,300,7,9,0
04/17/2020,AK,309,9,9,0
04/18/2020,AK,314,5,9,0
04/19/2020,AK,319,5,9,0
04/20/2020,AK,321,2,9,0
04/21/2020,AK,329,8,9,0
04/22/2020,AK,335,6,9,0
04/23/2020,AK,337,2,9,0
04/24/2020,AK,339,2,9,0
04/25/2020,AK,339,0,9,0
04/26/2020,AK,341,2,9,0
04/27/2020,AK,345,4,9,0
04/28/2020,AK,351,6,9,0
04/29/2020,AK,355,4,9,0
04/30/2020,AK,355,0,9,0
04/01/2020,HI,311,28,1,0
04/02/2020,HI,350,39,2,1
04/03/2020,HI,373,23,3,1
04/04/2020,HI,388,15,4,1
04/05/2020,HI,406,18,4,0
04/06/2020,HI,428,22,5,1
04/07/2020,HI,449,21,5,0
04/08/2020,HI,458,9,5,0
04/09/2020,HI,469,11,6,1
04/10/2020,HI,489,20,8,2
04/11/2020,HI,503,14,9,1
04/12/2020,HI,507,4,9,0
04/13/2020,HI,513,6,9,0
04/14/2020,HI,524,11,9,0
04/15/2020,HI,535,11,9,0
04/16/2020,HI,544,9,9,0
04/17/2020,HI,564,20,9,0
04/18/2020,HI,572,8,9,0
04/19/2020,HI,576,4,10,1
04/20/2020,HI,578,2,10,0
04/21/2020,HI,584,6,12,2
04/22/2020,HI,589,5,12,0
04/23/2020,HI,592,3,12,0
04/24/2020,HI,594,2,13,1
04/25/2020,HI,596,2,14,1
04/26/2020,HI,597,1,14,0
04/27/2020,HI,598,1,16,2
04/28/2020,HI,602,4,16,0
04/29/2020,HI,606,4,16,0
04/30/2020,HI,607,1,16,0
04/01/2020,GU,77,6,3,1
04/02/2020,GU,82,5,3,0
04/03/2020,GU,84,2,4,1
04/04/2020,GU,93,9,4,0
04/05/2020,GU,110,17,4,0
04/06/2020,GU,111,1,4,0
04/07/2020,GU,122,11,4,0
04/08/2020,GU,123,1,4,0
04/09/2020,GU,128,5,4,0
04/10/2020,GU,130,2,4,0
04/11/2020,GU,133,3,5,1
04/12/2020,GU,133,0,5,0
04/13/2020,GU,135,2,5,0
04/14/2020,GU,135,0,5,0
04/15/2020,GU,135,0,5,0
04/16/2020,GU,135,0,5,0
04/17/2020,GU,136,1,5,0
04/18/2020,GU,136,0,5,0
04/19/2020,GU,136,0,5,0
04/20/2020,GU,136,0,5,0
04/21/2020,GU,136,0,5,0
04/22/2020,GU,138,2,5,0
04/23/2020,GU,140,2,5,0
04/24/2020,GU,141,1,5,0
04/25/2020,GU,141,0,5,0
04/26/2020,GU,142,1,5,0
04/27/2020,GU,144,2,5,0
04/28/2020,GU,145,1,5,0
04/29/2020,GU,145,0,5,0
04/30/2020,GU,146,1,5,0
04/01/2020,VT,321,28,16,3
04/02/2020,VT,338,17,17,1
04/03/2020,VT,389,51,17,0
04/04/2020,VT,461,72,20,3
04/05/2020,VT,512,51,22,2
04/06/2020,VT,543,31,23,1
04/07/2020,VT,575,32,23,0
04/08/2020,VT,605,30,23,0
04/09/2020,VT,628,23,23,0
04/10/2020,VT,679,51,24,1
04/11/2020,VT,711,32,25,1
04/12/2020,VT,727,16,27,2
04/13/2020,VT,748,21,28,1
04/14/2020,VT,750,2,29,1
04/15/2020,VT,759,9,30,1
04/16/2020,VT,768,9,35,5
04/17/2020,VT,779,11,35,0
04/18/2020,VT,803,24,38,3
04/19/2020,VT,812,9,38,0
04/20/2020,VT,816,4,38,0
04/21/2020,VT,818,2,40,2
04/22/2020,VT,823,5,40,0
04/23/2020,VT,825,2,43,3
04/24/2020,VT,827,2,44,1
04/25/2020,VT,843,16,46,2
04/26/2020,VT,851,8,46,0
04/27/2020,VT,855,4,47,1
04/28/2020,VT,862,7,47,0
04/29/2020,VT,862,0,47,0
04/30/2020,VT,866,4,49,2
04/01/2020,VI,30,0,0,0
04/02/2020,VI,37,7,0,0
04/03/2020,VI,40,3,0,0
04/04/2020,VI,42,2,0,0
04/05/2020,VI,42,0,1,1
04/06/2020,VI,43,1,1,0
04/07/2020,VI,45,2,1,0
04/08/2020,VI,45,0,1,0
04/09/2020,VI,50,5,1,0
04/10/2020,VI,50,0,1,0
04/11/2020,VI,51,1,1,0
04/12/2020,VI,51,0,1,0
04/13/2020,VI,51,0,1,0
04/14/2020,VI,51,0,1,0
04/15/2020,VI,51,0,1,0
04/16/2020,VI,53,2,1,0
04/17/2020,VI,54,1,2,1
04/18/2020,VI,54,0,3,1
04/19/2020,VI,53,-1,3,0
04/20/2020,VI,54,1,3,0
04/21/2020,VI,54,0,3,0
04/22/2020,VI,54,0,3,0
04/23/2020,VI,54,0,3,0
04/24/2020,VI,54,0,3,0
04/25/2020,VI,55,1,3,0
04/26/2020,VI,57,2,4,1
04/27/2020,VI,59,2,4,0
04/28/2020,VI,59,0,4,0
04/29/2020,VI,66,7,4,0
04/30/2020,VI,66,0,4,0
04/01/2020,MP,8,6,0,0
04/02/2020,MP,8,0,0,0
04/03/2020,MP,8,0,1,1
04/04/2020,MP,8,0,1,0
04/05/2020,MP,8,0,0,-1
04/06/2020,MP,8,0,0,0
04/07/2020,MP,8,0,0,0
04/08/2020,MP,11,3,2,2
04/09/2020,MP,11,0,2,0
04/10/2020,MP,11,0,2,0
04/11/2020,MP,11,0,2,0
04/12/2020,MP,11,0,2,0
04/13/2020,MP,11,0,2,0
04/14/2020,MP,13,2,2,0
04/15/2020,MP,13,0,2,0
04/16/2020,MP,13,0,2,0
04/17/2020,MP,14,1,2,0
04/18/2020,MP,14,0,2,0
04/19/2020,MP,14,0,2,0
04/20/2020,MP,14,0,0,-2
04/21/2020,MP,14,0,2,2
04/22/2020,MP,14,0,2,0
04/23/2020,MP,14,0,2,0
04/24/2020,MP,14,0,2,0
04/25/2020,MP,14,0,2,0
04/26/2020,MP,14,0,2,0
04/27/2020,MP,14,0,2,0
04/28/2020,MP,14,0,2,0
04/29/2020,MP,14,0,2,0
04/30/2020,MP,14,0,2,0
04/01/2020,FSM,0,0,0,0
04/02/2020,FSM,0,0,0,0
04/03/2020,FSM,0,0,0,0
04/04/2020,FSM,0,0,0,0
04/05/2020,FSM,0,0,0,0
04/06/2020,FSM,0,0,0,0
04/07/2020,FSM,0,0,0,0
04/08/2020,FSM,0,0,0,0
04/09/2020,FSM,0,0,0,0
04/10/2020,FSM,0,0,0,0
04/11/2020,FSM,0,0,0,0
04/12/2020,FSM,0,0,0,0
04/13/2020,FSM,0,0,0,0
04/14/2020,FSM,0,0,0,0
04/15/2020,FSM,0,0,0,0
04/16/2020,FSM,0,0,0,0
04/17/2020,FSM,0,0,0,0
04/18/2020,FSM,0,0,0,0
04/19/2020,FSM,0,0,0,0
04/20/2020,FSM,0,0,0,0
04/21/2020,FSM,0,0,0,0
04/22/2020,FSM,0,0,0,0
04/23/2020,FSM,0,0,0,0
04/24/2020,FSM,0,0,0,0
04/25/2020,FSM,0,0,0,0
04/26/2020,FSM,0,0,0,0
04/27/2020,FSM,0,0,0,0
04/28/2020,FSM,0,0,0,0
04/29/2020,FSM,0,0,0,0
04/30/2020,FSM,0,0,0,0
04/01/2020,PW,0,0,0,0
04/02/2020,PW,0,0,0,0
04/03/2020,PW,0,0,0,0
04/04/2020,PW,0,0,0,0
04/05/2020,PW,0,0,0,0
04/06/2020,PW,0,0,0,0
04/07/2020,PW,0,0,0,0
04/08/2020,PW,0,0,0,0
04/09/2020,PW,0,0,0,0
04/10/2020,PW,0,0,0,0
04/11/2020,PW,0,0,0,0
04/12/2020,PW,0,0,0,0
04/13/2020,PW,0,0,0,0
04/14/2020,PW,0,0,0,0
04/15/2020,PW,0,0,0,0
04/16/2020,PW,0,0,0,0
04/17/2020,PW,0,0,0,0
04/18/2020,PW,0,0,0,0
04/19/2020,PW,0,0,0,0
04/20/2020,PW,0,0,0,0
04/21/2020,PW,0,0,0,0
04/22/2020,PW,0,0,0,0
04/23/2020,PW,0,0,0,0
04/24/2020,PW,0,0,0,0
04/25/2020,PW,0,0,0,0
04/26/2020,PW,0,0,0,0
04/27/2020,PW,0,0,0,0
04/28/2020,PW,0,0,0,0
04/29/2020,PW,0,0,0,0
04/30/2020,PW,0,0,0,0
